insert into Comment (id, text, datehour, authorid, auctionid) values (1, 'nullam orci pede venenatis non sodales sed tincidunt eu felis fusce posuere felis sed lacus morbi sem', '13/02/2021', 105, 16);
insert into Comment (id, text, datehour, authorid, auctionid) values (2, 'diam erat fermentum justo nec condimentum neque sapien placerat ante nulla justo aliquam quis turpis eget elit sodales', '22/08/2020', 18, 16);
insert into Comment (id, text, datehour, authorid, auctionid) values (3, 'elementum nullam varius nulla facilisi cras non velit nec nisi vulputate nonummy maecenas tincidunt lacus at velit vivamus', '04/03/2021', 52, 14);
insert into Comment (id, text, datehour, authorid, auctionid) values (4, 'proin eu mi nulla ac enim in tempor turpis nec euismod scelerisque quam turpis', '20/03/2021', 150, 20);
insert into Comment (id, text, datehour, authorid, auctionid) values (5, 'elit sodales scelerisque mauris sit amet eros suspendisse accumsan tortor quis', '23/10/2020', 143, 17);
insert into Comment (id, text, datehour, authorid, auctionid) values (6, 'dapibus dolor vel est donec odio justo sollicitudin ut suscipit a feugiat et eros vestibulum', '02/12/2020', 102, 10);
insert into Comment (id, text, datehour, authorid, auctionid) values (7, 'consequat metus sapien ut nunc vestibulum ante ipsum primis in', '07/09/2020', 43, 17);
insert into Comment (id, text, datehour, authorid, auctionid) values (8, 'dolor vel est donec odio justo sollicitudin ut suscipit a feugiat et eros', '03/07/2020', 12, 14);
insert into Comment (id, text, datehour, authorid, auctionid) values (9, 'dapibus duis at velit eu est congue elementum in hac habitasse platea dictumst morbi vestibulum velit id pretium iaculis', '22/03/2021', 121, 19);
insert into Comment (id, text, datehour, authorid, auctionid) values (10, 'mattis egestas metus aenean fermentum donec ut mauris eget massa tempor convallis nulla neque libero', '02/11/2020', 110, 9);
insert into Comment (id, text, datehour, authorid, auctionid) values (11, 'volutpat in congue etiam justo etiam pretium iaculis justo in hac habitasse platea dictumst etiam faucibus', '09/11/2020', 34, 5);
insert into Comment (id, text, datehour, authorid, auctionid) values (12, 'mauris ullamcorper purus sit amet nulla quisque arcu libero rutrum ac lobortis vel dapibus at diam nam tristique tortor', '18/01/2021', 155, 4);
insert into Comment (id, text, datehour, authorid, auctionid) values (13, 'ligula sit amet eleifend pede libero quis orci nullam molestie', '20/04/2020', 48, 2);
insert into Comment (id, text, datehour, authorid, auctionid) values (14, 'dictumst etiam faucibus cursus urna ut tellus nulla ut erat id mauris vulputate elementum nullam varius nulla', '22/02/2021', 92, 20);
insert into Comment (id, text, datehour, authorid, auctionid) values (15, 'vel augue vestibulum ante ipsum primis in faucibus orci luctus et ultrices posuere cubilia curae donec pharetra', '26/10/2020', 111, 16);
insert into Comment (id, text, datehour, authorid, auctionid) values (16, 'maecenas leo odio condimentum id luctus nec molestie sed justo', '23/12/2020', 43, 13);
insert into Comment (id, text, datehour, authorid, auctionid) values (17, 'volutpat in congue etiam justo etiam pretium iaculis justo in hac habitasse platea dictumst etiam faucibus', '28/06/2020', 12, 13);
insert into Comment (id, text, datehour, authorid, auctionid) values (18, 'nunc commodo placerat praesent blandit nam nulla integer pede justo lacinia eget tincidunt', '23/11/2020', 132, 11);
insert into Comment (id, text, datehour, authorid, auctionid) values (19, 'pede justo lacinia eget tincidunt eget tempus vel pede morbi porttitor lorem id ligula suspendisse ornare consequat', '15/06/2020', 31, 13);
insert into Comment (id, text, datehour, authorid, auctionid) values (20, 'nonummy maecenas tincidunt lacus at velit vivamus vel nulla eget eros elementum pellentesque quisque porta', '29/06/2020', 98, 20);
insert into Comment (id, text, datehour, authorid, auctionid) values (21, 'pretium iaculis justo in hac habitasse platea dictumst etiam faucibus cursus urna ut tellus nulla', '17/03/2021', 106, 16);
insert into Comment (id, text, datehour, authorid, auctionid) values (22, 'cum sociis natoque penatibus et magnis dis parturient montes nascetur ridiculus mus etiam vel augue vestibulum rutrum rutrum neque', '11/07/2020', 58, 19);
insert into Comment (id, text, datehour, authorid, auctionid) values (23, 'accumsan odio curabitur convallis duis consequat dui nec nisi volutpat eleifend donec ut dolor', '18/06/2020', 100, 3);
insert into Comment (id, text, datehour, authorid, auctionid) values (24, 'est risus auctor sed tristique in tempus sit amet sem fusce consequat nulla', '14/07/2020', 133, 5);
insert into Comment (id, text, datehour, authorid, auctionid) values (25, 'vehicula condimentum curabitur in libero ut massa volutpat convallis morbi odio odio elementum eu interdum eu', '29/05/2020', 45, 19);
insert into Comment (id, text, datehour, authorid, auctionid) values (26, 'morbi porttitor lorem id ligula suspendisse ornare consequat lectus in est risus auctor sed tristique in tempus sit', '14/03/2021', 40, 4);
insert into Comment (id, text, datehour, authorid, auctionid) values (27, 'elementum pellentesque quisque porta volutpat erat quisque erat eros viverra eget congue', '24/12/2020', 41, 17);
insert into Comment (id, text, datehour, authorid, auctionid) values (28, 'nisi at nibh in hac habitasse platea dictumst aliquam augue quam sollicitudin vitae consectetuer eget rutrum at lorem', '28/08/2020', 47, 19);
insert into Comment (id, text, datehour, authorid, auctionid) values (29, 'fusce consequat nulla nisl nunc nisl duis bibendum felis sed interdum venenatis turpis enim blandit mi in', '02/06/2020', 136, 15);
insert into Comment (id, text, datehour, authorid, auctionid) values (30, 'sollicitudin vitae consectetuer eget rutrum at lorem integer tincidunt ante vel ipsum praesent blandit lacinia erat vestibulum', '22/12/2020', 131, 4);
insert into Comment (id, text, datehour, authorid, auctionid) values (31, 'quis orci nullam molestie nibh in lectus pellentesque at nulla suspendisse potenti cras in purus eu magna vulputate luctus', '01/12/2020', 79, 15);
insert into Comment (id, text, datehour, authorid, auctionid) values (32, 'aliquam convallis nunc proin at turpis a pede posuere nonummy integer non velit donec diam neque', '02/12/2020', 129, 1);
insert into Comment (id, text, datehour, authorid, auctionid) values (33, 'lectus in est risus auctor sed tristique in tempus sit amet sem fusce consequat', '27/10/2020', 40, 14);
insert into Comment (id, text, datehour, authorid, auctionid) values (34, 'tincidunt in leo maecenas pulvinar lobortis est phasellus sit amet', '24/02/2021', 128, 4);
insert into Comment (id, text, datehour, authorid, auctionid) values (35, 'rhoncus aliquam lacus morbi quis tortor id nulla ultrices aliquet maecenas leo odio condimentum id', '29/06/2020', 52, 20);
insert into Comment (id, text, datehour, authorid, auctionid) values (36, 'convallis eget eleifend luctus ultricies eu nibh quisque id justo sit amet sapien dignissim vestibulum vestibulum ante ipsum primis', '25/01/2021', 151, 18);
insert into Comment (id, text, datehour, authorid, auctionid) values (37, 'turpis nec euismod scelerisque quam turpis adipiscing lorem vitae mattis nibh ligula nec sem duis aliquam convallis nunc', '30/01/2021', 55, 14);
insert into Comment (id, text, datehour, authorid, auctionid) values (38, 'nulla nunc purus phasellus in felis donec semper sapien a libero nam dui proin leo odio porttitor id', '14/07/2020', 93, 6);
insert into Comment (id, text, datehour, authorid, auctionid) values (39, 'sociis natoque penatibus et magnis dis parturient montes nascetur ridiculus mus vivamus vestibulum sagittis', '25/07/2020', 90, 10);
insert into Comment (id, text, datehour, authorid, auctionid) values (40, 'curabitur gravida nisi at nibh in hac habitasse platea dictumst aliquam augue quam sollicitudin vitae consectetuer eget', '31/05/2020', 118, 3);

insert into HelpMessage (id, text, datehour, read, senderid, recipientid) values (1, 'ultrices posuere cubilia curae nulla dapibus dolor vel est donec odio justo', '06/04/2021', true, 155, 1);
insert into HelpMessage (id, text, datehour, read, senderid, recipientid) values (2, 'cras pellentesque volutpat dui maecenas tristique est et tempus semper est quam pharetra magna ac consequat', '07/04/2021', false, 35, 10);
insert into HelpMessage (id, text, datehour, read, senderid, recipientid) values (3, 'sapien iaculis congue vivamus metus arcu adipiscing molestie hendrerit at vulputate vitae nisl aenean lectus pellentesque eget nunc donec quis', '06/04/2021', true, 17, 4);
insert into HelpMessage (id, text, datehour, read, senderid, recipientid) values (4, 'vestibulum proin eu mi nulla ac enim in tempor turpis nec euismod scelerisque quam turpis adipiscing lorem vitae', '07/04/2021', true, 137, 2);
insert into HelpMessage (id, text, datehour, read, senderid, recipientid) values (5, 'mauris morbi non lectus aliquam sit amet diam in magna bibendum imperdiet nullam orci pede venenatis', '07/04/2021', true, 154, 6);
insert into HelpMessage (id, text, datehour, read, senderid, recipientid) values (6, 'porta volutpat erat quisque erat eros viverra eget congue eget', '05/04/2021', true, 121, 3);
insert into HelpMessage (id, text, datehour, read, senderid, recipientid) values (7, 'etiam justo etiam pretium iaculis justo in hac habitasse platea dictumst etiam faucibus cursus urna ut tellus', '06/04/2021', false, 48, 5);
insert into HelpMessage (id, text, datehour, read, senderid, recipientid) values (8, 'magnis dis parturient montes nascetur ridiculus mus vivamus vestibulum sagittis sapien cum sociis natoque penatibus et magnis dis', '05/04/2021', true, 154, 6);
insert into HelpMessage (id, text, datehour, read, senderid, recipientid) values (9, 'condimentum neque sapien placerat ante nulla justo aliquam quis turpis eget elit sodales scelerisque mauris sit', '08/04/2021', false, 39, 1);
insert into HelpMessage (id, text, datehour, read, senderid, recipientid) values (10, 'mi nulla ac enim in tempor turpis nec euismod scelerisque quam turpis adipiscing lorem', '07/04/2021', false, 98, 9);
insert into HelpMessage (id, text, datehour, read, senderid, recipientid) values (11, 'ante vel ipsum praesent blandit lacinia erat vestibulum sed magna at nunc commodo placerat praesent blandit nam nulla integer', '06/04/2021', false, 38, 8);
insert into HelpMessage (id, text, datehour, read, senderid, recipientid) values (12, 'quam suspendisse potenti nullam porttitor lacus at turpis donec posuere metus vitae ipsum aliquam non mauris', '05/04/2021', false, 115, 4);
insert into HelpMessage (id, text, datehour, read, senderid, recipientid) values (13, 'enim leo rhoncus sed vestibulum sit amet cursus id turpis integer aliquet massa', '07/04/2021', false, 1, 155);
insert into HelpMessage (id, text, datehour, read, senderid, recipientid) values (14, 'maecenas tristique est et tempus semper est quam pharetra magna ac consequat metus sapien ut', '05/04/2021', true, 4, 17);
insert into HelpMessage (id, text, datehour, read, senderid, recipientid) values (15, 'ipsum primis in faucibus orci luctus et ultrices posuere cubilia', '05/04/2021', false, 2, 137);
insert into HelpMessage (id, text, datehour, read, senderid, recipientid) values (16, 'vel accumsan tellus nisi eu orci mauris lacinia sapien quis libero', '06/04/2021', false, 6, 154);
insert into HelpMessage (id, text, datehour, read, senderid, recipientid) values (17, 'integer aliquet massa id lobortis convallis tortor risus dapibus augue vel accumsan', '06/04/2021', true, 3, 121);
insert into HelpMessage (id, text, datehour, read, senderid, recipientid) values (18, 'viverra diam vitae quam suspendisse potenti nullam porttitor lacus at turpis donec posuere', '08/04/2021', false, 6, 154);

INSERT INTO FavouriteAuction (userID,auctionID) VALUES (151,15);
INSERT INTO FavouriteAuction (userID,auctionID) VALUES (135,2);
INSERT INTO FavouriteAuction (userID,auctionID) VALUES (124,6);
INSERT INTO FavouriteAuction (userID,auctionID) VALUES (90,8);
INSERT INTO FavouriteAuction (userID,auctionID) VALUES (88,11);
INSERT INTO FavouriteAuction (userID,auctionID) VALUES (138,5);
INSERT INTO FavouriteAuction (userID,auctionID) VALUES (100,12);
INSERT INTO FavouriteAuction (userID,auctionID) VALUES (123,5);
INSERT INTO FavouriteAuction (userID,auctionID) VALUES (99,10);
INSERT INTO FavouriteAuction (userID,auctionID) VALUES (17,8);
INSERT INTO FavouriteAuction (userID,auctionID) VALUES (160,7);
INSERT INTO FavouriteAuction (userID,auctionID) VALUES (115,4);
INSERT INTO FavouriteAuction (userID,auctionID) VALUES (134,11);
INSERT INTO FavouriteAuction (userID,auctionID) VALUES (82,14);
INSERT INTO FavouriteAuction (userID,auctionID) VALUES (98,14);
INSERT INTO FavouriteAuction (userID,auctionID) VALUES (126,18);
INSERT INTO FavouriteAuction (userID,auctionID) VALUES (130,5);
INSERT INTO FavouriteAuction (userID,auctionID) VALUES (142,20);
INSERT INTO FavouriteAuction (userID,auctionID) VALUES (57,18);
INSERT INTO FavouriteAuction (userID,auctionID) VALUES (24,3);
INSERT INTO FavouriteAuction (userID,auctionID) VALUES (148,8);
INSERT INTO FavouriteAuction (userID,auctionID) VALUES (94,17);
INSERT INTO FavouriteAuction (userID,auctionID) VALUES (20,1);
INSERT INTO FavouriteAuction (userID,auctionID) VALUES (12,14);
INSERT INTO FavouriteAuction (userID,auctionID) VALUES (11,5);
INSERT INTO FavouriteAuction (userID,auctionID) VALUES (145,14);
INSERT INTO FavouriteAuction (userID,auctionID) VALUES (52,4);
INSERT INTO FavouriteAuction (userID,auctionID) VALUES (61,6);
INSERT INTO FavouriteAuction (userID,auctionID) VALUES (12,19);
INSERT INTO FavouriteAuction (userID,auctionID) VALUES (149,12);
INSERT INTO FavouriteAuction (userID,auctionID) VALUES (135,20);
INSERT INTO FavouriteAuction (userID,auctionID) VALUES (72,4);
INSERT INTO FavouriteAuction (userID,auctionID) VALUES (81,18);
INSERT INTO FavouriteAuction (userID,auctionID) VALUES (81,12);
INSERT INTO FavouriteAuction (userID,auctionID) VALUES (37,4);
INSERT INTO FavouriteAuction (userID,auctionID) VALUES (94,5);
INSERT INTO FavouriteAuction (userID,auctionID) VALUES (105,13);
INSERT INTO FavouriteAuction (userID,auctionID) VALUES (49,15);
INSERT INTO FavouriteAuction (userID,auctionID) VALUES (114,5);
INSERT INTO FavouriteAuction (userID,auctionID) VALUES (151,4);
INSERT INTO FavouriteAuction (userID,auctionID) VALUES (56,12);
INSERT INTO FavouriteAuction (userID,auctionID) VALUES (140,9);
INSERT INTO FavouriteAuction (userID,auctionID) VALUES (53,11);
INSERT INTO FavouriteAuction (userID,auctionID) VALUES (15,15);
INSERT INTO FavouriteAuction (userID,auctionID) VALUES (141,13);
INSERT INTO FavouriteAuction (userID,auctionID) VALUES (47,20);
INSERT INTO FavouriteAuction (userID,auctionID) VALUES (49,8);
INSERT INTO FavouriteAuction (userID,auctionID) VALUES (158,18);
INSERT INTO FavouriteAuction (userID,auctionID) VALUES (48,6);
INSERT INTO FavouriteAuction (userID,auctionID) VALUES (108,4);
INSERT INTO FavouriteAuction (userID,auctionID) VALUES (60,14);
INSERT INTO FavouriteAuction (userID,auctionID) VALUES (127,5);
INSERT INTO FavouriteAuction (userID,auctionID) VALUES (134,10);
INSERT INTO FavouriteAuction (userID,auctionID) VALUES (63,17);
INSERT INTO FavouriteAuction (userID,auctionID) VALUES (69,6);
INSERT INTO FavouriteAuction (userID,auctionID) VALUES (79,4);
INSERT INTO FavouriteAuction (userID,auctionID) VALUES (147,20);
INSERT INTO FavouriteAuction (userID,auctionID) VALUES (160,13);
INSERT INTO FavouriteAuction (userID,auctionID) VALUES (122,11);
INSERT INTO FavouriteAuction (userID,auctionID) VALUES (47,13);
INSERT INTO FavouriteAuction (userID,auctionID) VALUES (146,15);
INSERT INTO FavouriteAuction (userID,auctionID) VALUES (70,17);
INSERT INTO FavouriteAuction (userID,auctionID) VALUES (53,5);
INSERT INTO FavouriteAuction (userID,auctionID) VALUES (136,17);
INSERT INTO FavouriteAuction (userID,auctionID) VALUES (135,16);
INSERT INTO FavouriteAuction (userID,auctionID) VALUES (131,15);
INSERT INTO FavouriteAuction (userID,auctionID) VALUES (149,17);
INSERT INTO FavouriteAuction (userID,auctionID) VALUES (137,19);
INSERT INTO FavouriteAuction (userID,auctionID) VALUES (144,11);
INSERT INTO FavouriteAuction (userID,auctionID) VALUES (132,13);
INSERT INTO FavouriteAuction (userID,auctionID) VALUES (17,16);
INSERT INTO FavouriteAuction (userID,auctionID) VALUES (141,12);
INSERT INTO FavouriteAuction (userID,auctionID) VALUES (76,12);
INSERT INTO FavouriteAuction (userID,auctionID) VALUES (55,15);
INSERT INTO FavouriteAuction (userID,auctionID) VALUES (83,13);
INSERT INTO FavouriteAuction (userID,auctionID) VALUES (125,1);
INSERT INTO FavouriteAuction (userID,auctionID) VALUES (41,16);
INSERT INTO FavouriteAuction (userID,auctionID) VALUES (51,6);
INSERT INTO FavouriteAuction (userID,auctionID) VALUES (71,12);
INSERT INTO FavouriteAuction (userID,auctionID) VALUES (149,6);
INSERT INTO FavouriteAuction (userID,auctionID) VALUES (96,14);
INSERT INTO FavouriteAuction (userID,auctionID) VALUES (46,18);
INSERT INTO FavouriteAuction (userID,auctionID) VALUES (61,9);
INSERT INTO FavouriteAuction (userID,auctionID) VALUES (40,18);
INSERT INTO FavouriteAuction (userID,auctionID) VALUES (110,20);
INSERT INTO FavouriteAuction (userID,auctionID) VALUES (94,18);
INSERT INTO FavouriteAuction (userID,auctionID) VALUES (38,17);
INSERT INTO FavouriteAuction (userID,auctionID) VALUES (30,15);
INSERT INTO FavouriteAuction (userID,auctionID) VALUES (106,10);
INSERT INTO FavouriteAuction (userID,auctionID) VALUES (152,15);
INSERT INTO FavouriteAuction (userID,auctionID) VALUES (92,16);
INSERT INTO FavouriteAuction (userID,auctionID) VALUES (150,20);
INSERT INTO FavouriteAuction (userID,auctionID) VALUES (98,17);
INSERT INTO FavouriteAuction (userID,auctionID) VALUES (27,14);
INSERT INTO FavouriteAuction (userID,auctionID) VALUES (98,7);
INSERT INTO FavouriteAuction (userID,auctionID) VALUES (39,12);
INSERT INTO FavouriteAuction (userID,auctionID) VALUES (39,10);
INSERT INTO FavouriteAuction (userID,auctionID) VALUES (95,10);
INSERT INTO FavouriteAuction (userID,auctionID) VALUES (143,5);
INSERT INTO FavouriteAuction (userID,auctionID) VALUES (47,5);

insert into Brand (id, name) values (1, 'Ferrari'); 
insert into Brand (id, name) values (2, 'Bugatti');
insert into Brand (id, name) values (3, 'Lamborghini');
insert into Brand (id, name) values (4, 'Bentley');
insert into Brand (id, name) values (5, 'Pagani');
insert into Brand (id, name) values (6, 'BMW');
insert into Brand (id, name) values (7, 'Mercedes');
insert into Brand (id, name) values (8, 'Audi');
insert into Brand (id, name) values (9, 'Citroen');
insert into Brand (id, name) values (10, 'Alfa Romeo');

INSERT INTO FavouriteSeller (user1ID,user2ID) VALUES (123,60);
INSERT INTO FavouriteSeller (user1ID,user2ID) VALUES (22,153);
INSERT INTO FavouriteSeller (user1ID,user2ID) VALUES (56,112);
INSERT INTO FavouriteSeller (user1ID,user2ID) VALUES (31,71);
INSERT INTO FavouriteSeller (user1ID,user2ID) VALUES (73,64);
INSERT INTO FavouriteSeller (user1ID,user2ID) VALUES (143,60);
INSERT INTO FavouriteSeller (user1ID,user2ID) VALUES (87,109);
INSERT INTO FavouriteSeller (user1ID,user2ID) VALUES (98,84);
INSERT INTO FavouriteSeller (user1ID,user2ID) VALUES (117,99);
INSERT INTO FavouriteSeller (user1ID,user2ID) VALUES (143,35);
INSERT INTO FavouriteSeller (user1ID,user2ID) VALUES (152,70);
INSERT INTO FavouriteSeller (user1ID,user2ID) VALUES (86,47);
INSERT INTO FavouriteSeller (user1ID,user2ID) VALUES (28,78);
INSERT INTO FavouriteSeller (user1ID,user2ID) VALUES (16,55);
INSERT INTO FavouriteSeller (user1ID,user2ID) VALUES (80,114);
INSERT INTO FavouriteSeller (user1ID,user2ID) VALUES (70,28);
INSERT INTO FavouriteSeller (user1ID,user2ID) VALUES (52,107);
INSERT INTO FavouriteSeller (user1ID,user2ID) VALUES (84,64);
INSERT INTO FavouriteSeller (user1ID,user2ID) VALUES (12,103);
INSERT INTO FavouriteSeller (user1ID,user2ID) VALUES (24,113);
INSERT INTO FavouriteSeller (user1ID,user2ID) VALUES (76,54);
INSERT INTO FavouriteSeller (user1ID,user2ID) VALUES (25,55);
INSERT INTO FavouriteSeller (user1ID,user2ID) VALUES (104,140);
INSERT INTO FavouriteSeller (user1ID,user2ID) VALUES (70,18);
INSERT INTO FavouriteSeller (user1ID,user2ID) VALUES (118,86);
INSERT INTO FavouriteSeller (user1ID,user2ID) VALUES (62,23);
INSERT INTO FavouriteSeller (user1ID,user2ID) VALUES (61,46);
INSERT INTO FavouriteSeller (user1ID,user2ID) VALUES (38,141);
INSERT INTO FavouriteSeller (user1ID,user2ID) VALUES (92,108);
INSERT INTO FavouriteSeller (user1ID,user2ID) VALUES (82,94);
INSERT INTO FavouriteSeller (user1ID,user2ID) VALUES (18,95);
INSERT INTO FavouriteSeller (user1ID,user2ID) VALUES (154,14);
INSERT INTO FavouriteSeller (user1ID,user2ID) VALUES (113,19);
INSERT INTO FavouriteSeller (user1ID,user2ID) VALUES (156,59);
INSERT INTO FavouriteSeller (user1ID,user2ID) VALUES (107,120);
INSERT INTO FavouriteSeller (user1ID,user2ID) VALUES (20,119);
INSERT INTO FavouriteSeller (user1ID,user2ID) VALUES (149,25);
INSERT INTO FavouriteSeller (user1ID,user2ID) VALUES (130,34);
INSERT INTO FavouriteSeller (user1ID,user2ID) VALUES (24,82);
INSERT INTO FavouriteSeller (user1ID,user2ID) VALUES (86,12);
INSERT INTO FavouriteSeller (user1ID,user2ID) VALUES (107,76);
INSERT INTO FavouriteSeller (user1ID,user2ID) VALUES (107,22);
INSERT INTO FavouriteSeller (user1ID,user2ID) VALUES (15,22);
INSERT INTO FavouriteSeller (user1ID,user2ID) VALUES (67,154);
INSERT INTO FavouriteSeller (user1ID,user2ID) VALUES (119,112);
INSERT INTO FavouriteSeller (user1ID,user2ID) VALUES (56,28);
INSERT INTO FavouriteSeller (user1ID,user2ID) VALUES (88,43);
INSERT INTO FavouriteSeller (user1ID,user2ID) VALUES (148,78);
INSERT INTO FavouriteSeller (user1ID,user2ID) VALUES (158,102);
INSERT INTO FavouriteSeller (user1ID,user2ID) VALUES (14,23);
INSERT INTO FavouriteSeller (user1ID,user2ID) VALUES (135,39);
INSERT INTO FavouriteSeller (user1ID,user2ID) VALUES (81,151);
INSERT INTO FavouriteSeller (user1ID,user2ID) VALUES (42,67);
INSERT INTO FavouriteSeller (user1ID,user2ID) VALUES (119,76);
INSERT INTO FavouriteSeller (user1ID,user2ID) VALUES (139,135);
INSERT INTO FavouriteSeller (user1ID,user2ID) VALUES (14,139);
INSERT INTO FavouriteSeller (user1ID,user2ID) VALUES (147,158);
INSERT INTO FavouriteSeller (user1ID,user2ID) VALUES (27,145);
INSERT INTO FavouriteSeller (user1ID,user2ID) VALUES (142,18);
INSERT INTO FavouriteSeller (user1ID,user2ID) VALUES (101,131);
INSERT INTO FavouriteSeller (user1ID,user2ID) VALUES (127,148);
INSERT INTO FavouriteSeller (user1ID,user2ID) VALUES (30,25);
INSERT INTO FavouriteSeller (user1ID,user2ID) VALUES (64,70);
INSERT INTO FavouriteSeller (user1ID,user2ID) VALUES (27,152);
INSERT INTO FavouriteSeller (user1ID,user2ID) VALUES (68,94);
INSERT INTO FavouriteSeller (user1ID,user2ID) VALUES (99,49);
INSERT INTO FavouriteSeller (user1ID,user2ID) VALUES (12,13);
INSERT INTO FavouriteSeller (user1ID,user2ID) VALUES (45,60);
INSERT INTO FavouriteSeller (user1ID,user2ID) VALUES (63,15);
INSERT INTO FavouriteSeller (user1ID,user2ID) VALUES (120,122);
INSERT INTO FavouriteSeller (user1ID,user2ID) VALUES (80,55);
INSERT INTO FavouriteSeller (user1ID,user2ID) VALUES (22,60);
INSERT INTO FavouriteSeller (user1ID,user2ID) VALUES (117,66);
INSERT INTO FavouriteSeller (user1ID,user2ID) VALUES (137,56);
INSERT INTO FavouriteSeller (user1ID,user2ID) VALUES (142,136);
INSERT INTO FavouriteSeller (user1ID,user2ID) VALUES (28,49);
INSERT INTO FavouriteSeller (user1ID,user2ID) VALUES (144,77);
INSERT INTO FavouriteSeller (user1ID,user2ID) VALUES (23,116);
INSERT INTO FavouriteSeller (user1ID,user2ID) VALUES (58,111);
INSERT INTO FavouriteSeller (user1ID,user2ID) VALUES (96,142);
INSERT INTO FavouriteSeller (user1ID,user2ID) VALUES (35,23);
INSERT INTO FavouriteSeller (user1ID,user2ID) VALUES (26,62);
INSERT INTO FavouriteSeller (user1ID,user2ID) VALUES (62,12);
INSERT INTO FavouriteSeller (user1ID,user2ID) VALUES (155,92);
INSERT INTO FavouriteSeller (user1ID,user2ID) VALUES (116,112);
INSERT INTO FavouriteSeller (user1ID,user2ID) VALUES (124,145);
INSERT INTO FavouriteSeller (user1ID,user2ID) VALUES (68,23);
INSERT INTO FavouriteSeller (user1ID,user2ID) VALUES (72,98);
INSERT INTO FavouriteSeller (user1ID,user2ID) VALUES (131,91);
INSERT INTO FavouriteSeller (user1ID,user2ID) VALUES (64,125);
INSERT INTO FavouriteSeller (user1ID,user2ID) VALUES (136,152);
INSERT INTO FavouriteSeller (user1ID,user2ID) VALUES (53,93);
INSERT INTO FavouriteSeller (user1ID,user2ID) VALUES (18,128);
INSERT INTO FavouriteSeller (user1ID,user2ID) VALUES (83,81);
INSERT INTO FavouriteSeller (user1ID,user2ID) VALUES (41,79);
INSERT INTO FavouriteSeller (user1ID,user2ID) VALUES (32,138);
INSERT INTO FavouriteSeller (user1ID,user2ID) VALUES (106,130);
INSERT INTO FavouriteSeller (user1ID,user2ID) VALUES (84,113);
INSERT INTO FavouriteSeller (user1ID,user2ID) VALUES (64,14);
INSERT INTO FavouriteSeller (user1ID,user2ID) VALUES (133,57);

insert into "user" (id, name, username, email, password, image, banned, admin) values (1, 'Ainsley Flowerden', 'aflowerden0', 'aflowerden0@posterous.com', 'kNmDqPrWt', 'http://dummyimage.com/135x100.png/dddddd/000000', false, true);
insert into "user" (id, name, username, email, password, image, banned, admin) values (2, 'Nappy Berrisford', 'nberrisford1', 'nberrisford1@netscape.com', '7C2oJYrT5Yfw', 'http://dummyimage.com/204x100.png/cc0000/ffffff', false, true);
insert into "user" (id, name, username, email, password, image, banned, admin) values (3, 'Giraud McFadin', 'gmcfadin2', 'gmcfadin2@washington.edu', 'V5O4sbDVNq', 'http://dummyimage.com/117x100.png/ff4444/ffffff', false, true);
insert into "user" (id, name, username, email, password, image, banned, admin) values (4, 'Xerxes Faber', 'xfaber3', 'xfaber3@cocolog-nifty.com', '1Csqw0Cpw', 'http://dummyimage.com/202x100.png/5fa2dd/ffffff', false, true);
insert into "user" (id, name, username, email, password, image, banned, admin) values (5, 'Nealy Clousley', 'nclousley4', 'nclousley4@merriam-webster.com', 'q5R2qPFRaptA', 'http://dummyimage.com/221x100.png/5fa2dd/ffffff', false, true);
insert into "user" (id, name, username, email, password, image, banned, admin) values (6, 'Lise Castro', 'lcastro5', 'lcastro5@w3.org', 'W5ziIyZ123fy', 'http://dummyimage.com/217x100.png/ff4444/ffffff', false, true);
insert into "user" (id, name, username, email, password, image, banned, admin) values (7, 'Arlene Carlos', 'acarlos6', 'acarlos6@prlog.org', 'EzelEm', 'http://dummyimage.com/116x100.png/5fa2dd/ffffff', false, true);
insert into "user" (id, name, username, email, password, image, banned, admin) values (8, 'Stanislaus Monget', 'smonget7', 'smonget7@cafepress.com', 'G19c7k', 'http://dummyimage.com/195x100.png/dddddd/000000', false, true);
insert into "user" (id, name, username, email, password, image, banned, admin) values (9, 'Jerrold Ausher', 'jausher8', 'jausher8@storify.com', 'uTlh8Kb', 'http://dummyimage.com/181x100.png/ff4444/ffffff', false, true);
insert into "user" (id, name, username, email, password, image, banned, admin) values (10, 'Giavani Gallon', 'ggallon9', 'ggallon9@europa.eu', '8FjJKA2aP', 'http://dummyimage.com/187x100.png/5fa2dd/ffffff', false, true);
insert into "user" (id, name, username, email, password, image, banned) values (11, 'Augustine Huffadine', 'ahuffadine0', 'ahuffadine0@ihg.com', '8aXA2Ie5gF', 'http://dummyimage.com/142x100.png/ff4444/ffffff', false);
insert into "user" (id, name, username, email, password, image, banned) values (12, 'Merwin Taffrey', 'mtaffrey1', 'mtaffrey1@pbs.org', 'wdalKFUejY3r', 'http://dummyimage.com/194x100.png/cc0000/ffffff', true);
insert into "user" (id, name, username, email, password, image, banned) values (13, 'Tabitha Ryce', 'tryce2', 'tryce2@cargocollective.com', 'J3boab', 'http://dummyimage.com/234x100.png/cc0000/ffffff', true);
insert into "user" (id, name, username, email, password, image, banned) values (14, 'Caitrin Starie', 'cstarie3', 'cstarie3@miibeian.gov.cn', 'YIjXDNh9nYz', 'http://dummyimage.com/241x100.png/5fa2dd/ffffff', true);
insert into "user" (id, name, username, email, password, image, banned) values (15, 'Costanza Jekyll', 'cjekyll4', 'cjekyll4@smugmug.com', '8R00R1fsa', 'http://dummyimage.com/247x100.png/5fa2dd/ffffff', true);
insert into "user" (id, name, username, email, password, image, banned) values (16, 'Robbert Dionsetti', 'rdionsetti5', 'rdionsetti5@ycombinator.com', 'j5iwttp', 'http://dummyimage.com/226x100.png/cc0000/ffffff', true);
insert into "user" (id, name, username, email, password, image, banned) values (17, 'Dar Earie', 'dearie6', 'dearie6@php.net', 'iS1dLchGk7A', 'http://dummyimage.com/127x100.png/5fa2dd/ffffff', false);
insert into "user" (id, name, username, email, password, image, banned) values (18, 'Renata Treversh', 'rtreversh7', 'rtreversh7@miibeian.gov.cn', 'lzyXdkzFD0n', 'http://dummyimage.com/147x100.png/cc0000/ffffff', false);
insert into "user" (id, name, username, email, password, image, banned) values (19, 'Mikkel Sherrum', 'msherrum8', 'msherrum8@vistaprint.com', 'xTFKLTRtnwba', 'http://dummyimage.com/119x100.png/5fa2dd/ffffff', false);
insert into "user" (id, name, username, email, password, image, banned) values (20, 'Robers Charville', 'rcharville9', 'rcharville9@google.fr', 'E9tRS6q', 'http://dummyimage.com/215x100.png/5fa2dd/ffffff', false);
insert into "user" (id, name, username, email, password, image, banned) values (21, 'Twila Waliszewski', 'twaliszewskia', 'twaliszewskia@uol.com.br', 'GR5otZw9E5en', 'http://dummyimage.com/133x100.png/5fa2dd/ffffff', true);
insert into "user" (id, name, username, email, password, image, banned) values (22, 'Karena Bryenton', 'kbryentonb', 'kbryentonb@ucsd.edu', '4OZi9w8i', 'http://dummyimage.com/120x100.png/dddddd/000000', false);
insert into "user" (id, name, username, email, password, image, banned) values (23, 'Sheelagh Cripps', 'scrippsc', 'scrippsc@hubpages.com', 'sRlT8cUIfg', 'http://dummyimage.com/141x100.png/ff4444/ffffff', false);
insert into "user" (id, name, username, email, password, image, banned) values (24, 'Floris Braune', 'fbrauned', 'fbrauned@cam.ac.uk', 'cNCmpg1bL', 'http://dummyimage.com/229x100.png/5fa2dd/ffffff', false);
insert into "user" (id, name, username, email, password, image, banned) values (25, 'Teddi Pittem', 'tpitteme', 'tpitteme@shareasale.com', 'aPJgodP', 'http://dummyimage.com/212x100.png/cc0000/ffffff', true);
insert into "user" (id, name, username, email, password, image, banned) values (26, 'Micheline Chancelier', 'mchancelierf', 'mchancelierf@reuters.com', 'T3CeWeT', 'http://dummyimage.com/225x100.png/dddddd/000000', true);
insert into "user" (id, name, username, email, password, image, banned) values (27, 'Ellery Sibery', 'esiberyg', 'esiberyg@netlog.com', 'ELDgIu', 'http://dummyimage.com/205x100.png/ff4444/ffffff', false);
insert into "user" (id, name, username, email, password, image, banned) values (28, 'Tamma Courcey', 'tcourceyh', 'tcourceyh@uol.com.br', '9k14ATkyAoH', 'http://dummyimage.com/194x100.png/5fa2dd/ffffff', true);
insert into "user" (id, name, username, email, password, image, banned) values (29, 'Electra Barbosa', 'ebarbosai', 'ebarbosai@ezinearticles.com', 'CpCkNFh0', 'http://dummyimage.com/148x100.png/cc0000/ffffff', false);
insert into "user" (id, name, username, email, password, image, banned) values (30, 'Ferris Knee', 'fkneej', 'fkneej@diigo.com', 'I5Qyy6Sz7054', 'http://dummyimage.com/126x100.png/cc0000/ffffff', false);
insert into "user" (id, name, username, email, password, image, banned) values (31, 'Rad Keems', 'rkeemsk', 'rkeemsk@ihg.com', 'ma1NxmkpnW', 'http://dummyimage.com/196x100.png/ff4444/ffffff', true);
insert into "user" (id, name, username, email, password, image, banned) values (32, 'Ella Thoresby', 'ethoresbyl', 'ethoresbyl@acquirethisname.com', 'GBvUsKlTR2s', 'http://dummyimage.com/157x100.png/ff4444/ffffff', false);
insert into "user" (id, name, username, email, password, image, banned) values (33, 'Odo Sowray', 'osowraym', 'osowraym@go.com', 'VQAcuMPxW2w', 'http://dummyimage.com/228x100.png/ff4444/ffffff', true);
insert into "user" (id, name, username, email, password, image, banned) values (34, 'Freemon Von Brook', 'fvonn', 'fvonn@clickbank.net', 'ODGvTsYs', 'http://dummyimage.com/153x100.png/5fa2dd/ffffff', true);
insert into "user" (id, name, username, email, password, image, banned) values (35, 'Dill Ashbee', 'dashbeeo', 'dashbeeo@free.fr', 'dVsjnfTaFU', 'http://dummyimage.com/219x100.png/5fa2dd/ffffff', true);
insert into "user" (id, name, username, email, password, image, banned) values (36, 'Sherrie Foulger', 'sfoulgerp', 'sfoulgerp@amazon.co.uk', 'dNoK9SmA', 'http://dummyimage.com/133x100.png/ff4444/ffffff', false);
insert into "user" (id, name, username, email, password, image, banned) values (37, 'Tracy Clear', 'tclearq', 'tclearq@livejournal.com', 'OlJzXP', 'http://dummyimage.com/161x100.png/dddddd/000000', true);
insert into "user" (id, name, username, email, password, image, banned) values (38, 'Salomone Pollastrino', 'spollastrinor', 'spollastrinor@pen.io', 'FnYUdJpw', 'http://dummyimage.com/185x100.png/5fa2dd/ffffff', false);
insert into "user" (id, name, username, email, password, image, banned) values (39, 'Laney Kynaston', 'lkynastons', 'lkynastons@mtv.com', 'KfAyaMCT2q1q', 'http://dummyimage.com/243x100.png/dddddd/000000', false);
insert into "user" (id, name, username, email, password, image, banned) values (40, 'Timotheus Tal', 'ttalt', 'ttalt@icq.com', 'L0xNnW25CD', 'http://dummyimage.com/116x100.png/dddddd/000000', false);
insert into "user" (id, name, username, email, password, image, banned) values (41, 'Chic Heakey', 'cheakeyu', 'cheakeyu@drupal.org', 'KIvH34a', 'http://dummyimage.com/104x100.png/5fa2dd/ffffff', true);
insert into "user" (id, name, username, email, password, image, banned) values (42, 'Grantley McKeurtan', 'gmckeurtanv', 'gmckeurtanv@istockphoto.com', 'MYF4teKx1Dl', 'http://dummyimage.com/148x100.png/dddddd/000000', false);
insert into "user" (id, name, username, email, password, image, banned) values (43, 'Kipp Arnot', 'karnotw', 'karnotw@nyu.edu', 'nJvngMy', 'http://dummyimage.com/208x100.png/5fa2dd/ffffff', true);
insert into "user" (id, name, username, email, password, image, banned) values (44, 'Maximilian Duly', 'mdulyx', 'mdulyx@newsvine.com', 'W5nF1Y', 'http://dummyimage.com/158x100.png/5fa2dd/ffffff', true);
insert into "user" (id, name, username, email, password, image, banned) values (45, 'Antoni Sollars', 'asollarsy', 'asollarsy@blogtalkradio.com', 'jsOqeM7o5G0Y', 'http://dummyimage.com/208x100.png/ff4444/ffffff', true);
insert into "user" (id, name, username, email, password, image, banned) values (46, 'Maddalena MacElholm', 'mmacelholmz', 'mmacelholmz@creativecommons.org', 'T2nf09nVtGs', 'http://dummyimage.com/174x100.png/5fa2dd/ffffff', false);
insert into "user" (id, name, username, email, password, image, banned) values (47, 'Peyter Knowlden', 'pknowlden10', 'pknowlden10@nhs.uk', '7RpR5rZ1zv', 'http://dummyimage.com/221x100.png/cc0000/ffffff', true);
insert into "user" (id, name, username, email, password, image, banned) values (48, 'Aldin Gerrels', 'agerrels11', 'agerrels11@huffingtonpost.com', '1CyBvZHoq', 'http://dummyimage.com/194x100.png/ff4444/ffffff', false);
insert into "user" (id, name, username, email, password, image, banned) values (49, 'Janeta Mathivet', 'jmathivet12', 'jmathivet12@com.com', '5J6vD75t', 'http://dummyimage.com/124x100.png/dddddd/000000', true);
insert into "user" (id, name, username, email, password, image, banned) values (50, 'Baillie Inchbald', 'binchbald13', 'binchbald13@tmall.com', 'wsN8KkAR8pd', 'http://dummyimage.com/246x100.png/dddddd/000000', false);
insert into "user" (id, name, username, email, password, image, banned) values (51, 'Donaugh Shier', 'dshier14', 'dshier14@blinklist.com', 'U04zK28QFhf', 'http://dummyimage.com/245x100.png/5fa2dd/ffffff', true);
insert into "user" (id, name, username, email, password, image, banned) values (52, 'Trevor McGirl', 'tmcgirl15', 'tmcgirl15@booking.com', 'SaRCaMQ', 'http://dummyimage.com/177x100.png/dddddd/000000', false);
insert into "user" (id, name, username, email, password, image, banned) values (53, 'Boonie McPaike', 'bmcpaike16', 'bmcpaike16@mail.ru', 'g8fCMWbb7q1K', 'http://dummyimage.com/243x100.png/ff4444/ffffff', false);
insert into "user" (id, name, username, email, password, image, banned) values (54, 'Marwin Bilovus', 'mbilovus17', 'mbilovus17@360.cn', 'lhqL5oW', 'http://dummyimage.com/225x100.png/ff4444/ffffff', false);
insert into "user" (id, name, username, email, password, image, banned) values (55, 'West Hawke', 'whawke18', 'whawke18@angelfire.com', 'pCO3WMm8E', 'http://dummyimage.com/133x100.png/5fa2dd/ffffff', true);
insert into "user" (id, name, username, email, password, image, banned) values (56, 'Cory Paschke', 'cpaschke19', 'cpaschke19@ocn.ne.jp', 'LMWvIxz9', 'http://dummyimage.com/150x100.png/cc0000/ffffff', false);
insert into "user" (id, name, username, email, password, image, banned) values (57, 'Ted Nickell', 'tnickell1a', 'tnickell1a@google.it', 'eM2ujUyD6', 'http://dummyimage.com/122x100.png/dddddd/000000', false);
insert into "user" (id, name, username, email, password, image, banned) values (58, 'Martguerita Ealam', 'mealam1b', 'mealam1b@dion.ne.jp', 'H9QOqOtGiZg', 'http://dummyimage.com/164x100.png/cc0000/ffffff', false);
insert into "user" (id, name, username, email, password, image, banned) values (59, 'Gwenni Pybworth', 'gpybworth1c', 'gpybworth1c@about.me', 'hfSFbpzyU5', 'http://dummyimage.com/241x100.png/5fa2dd/ffffff', false);
insert into "user" (id, name, username, email, password, image, banned) values (60, 'Bronson Dunbobin', 'bdunbobin1d', 'bdunbobin1d@who.int', 'Z4KaPVUXqN1c', 'http://dummyimage.com/233x100.png/cc0000/ffffff', false);
insert into "user" (id, name, username, email, password, image, banned) values (61, 'Algernon Laffling', 'alaffling1e', 'alaffling1e@springer.com', '4iMkERX', 'http://dummyimage.com/102x100.png/ff4444/ffffff', true);
insert into "user" (id, name, username, email, password, image, banned) values (62, 'Obed Matzl', 'omatzl1f', 'omatzl1f@squidoo.com', 'eKnBmEaOXi', 'http://dummyimage.com/124x100.png/ff4444/ffffff', true);
insert into "user" (id, name, username, email, password, image, banned) values (63, 'Karylin Georgeou', 'kgeorgeou1g', 'kgeorgeou1g@cnet.com', 'ylVkBvgWGStl', 'http://dummyimage.com/231x100.png/cc0000/ffffff', true);
insert into "user" (id, name, username, email, password, image, banned) values (64, 'Barron Ritchings', 'britchings1h', 'britchings1h@51.la', 'la8Urn', 'http://dummyimage.com/235x100.png/cc0000/ffffff', false);
insert into "user" (id, name, username, email, password, image, banned) values (65, 'Derek Sargeant', 'dsargeant1i', 'dsargeant1i@shop-pro.jp', '9ejofng', 'http://dummyimage.com/179x100.png/5fa2dd/ffffff', true);
insert into "user" (id, name, username, email, password, image, banned) values (66, 'Garik Maylour', 'gmaylour1j', 'gmaylour1j@odnoklassniki.ru', 'PWj2Wk', 'http://dummyimage.com/154x100.png/5fa2dd/ffffff', true);
insert into "user" (id, name, username, email, password, image, banned) values (67, 'Joni Pedrick', 'jpedrick1k', 'jpedrick1k@storify.com', 'HtEPv8iK', 'http://dummyimage.com/229x100.png/ff4444/ffffff', false);
insert into "user" (id, name, username, email, password, image, banned) values (68, 'Rosalyn Sheber', 'rsheber1l', 'rsheber1l@google.co.jp', 'mSzfwvUBgb', 'http://dummyimage.com/188x100.png/dddddd/000000', true);
insert into "user" (id, name, username, email, password, image, banned) values (69, 'Nehemiah Forrington', 'nforrington1m', 'nforrington1m@deviantart.com', 'dpqoYC8kFPR', 'http://dummyimage.com/236x100.png/5fa2dd/ffffff', true);
insert into "user" (id, name, username, email, password, image, banned) values (70, 'Halie Junes', 'hjunes1n', 'hjunes1n@utexas.edu', 'IzOHq4ruW5', 'http://dummyimage.com/170x100.png/ff4444/ffffff', true);
insert into "user" (id, name, username, email, password, image, banned) values (71, 'Denney Snarie', 'dsnarie1o', 'dsnarie1o@google.cn', 'es3nyuFB', 'http://dummyimage.com/150x100.png/ff4444/ffffff', true);
insert into "user" (id, name, username, email, password, image, banned) values (72, 'Eugenia Crosham', 'ecrosham1p', 'ecrosham1p@paginegialle.it', '2zaygB1xtcJ', 'http://dummyimage.com/238x100.png/dddddd/000000', false);
insert into "user" (id, name, username, email, password, image, banned) values (73, 'Mitchell Crutch', 'mcrutch1q', 'mcrutch1q@businessinsider.com', 'YjyuVFlHpY', 'http://dummyimage.com/137x100.png/ff4444/ffffff', true);
insert into "user" (id, name, username, email, password, image, banned) values (74, 'Marcelia Allaway', 'mallaway1r', 'mallaway1r@xinhuanet.com', '1yNxNC', 'http://dummyimage.com/177x100.png/dddddd/000000', false);
insert into "user" (id, name, username, email, password, image, banned) values (75, 'Tomasina Menat', 'tmenat1s', 'tmenat1s@uol.com.br', 'yPhGwT8U3LCP', 'http://dummyimage.com/127x100.png/cc0000/ffffff', true);
insert into "user" (id, name, username, email, password, image, banned) values (76, 'Clarissa Pyburn', 'cpyburn1t', 'cpyburn1t@phoca.cz', 'qpqV8qh', 'http://dummyimage.com/176x100.png/cc0000/ffffff', false);
insert into "user" (id, name, username, email, password, image, banned) values (77, 'Cyrille Mounsie', 'cmounsie1u', 'cmounsie1u@pinterest.com', 'GfIovSns1XJ', 'http://dummyimage.com/188x100.png/ff4444/ffffff', true);
insert into "user" (id, name, username, email, password, image, banned) values (78, 'Rebekkah Peris', 'rperis1v', 'rperis1v@independent.co.uk', 'kr5gm58eDL', 'http://dummyimage.com/133x100.png/dddddd/000000', true);
insert into "user" (id, name, username, email, password, image, banned) values (79, 'Lorinda Laker', 'llaker1w', 'llaker1w@dion.ne.jp', '6Ih6CnK', 'http://dummyimage.com/126x100.png/cc0000/ffffff', true);
insert into "user" (id, name, username, email, password, image, banned) values (80, 'Ring Kemmey', 'rkemmey1x', 'rkemmey1x@homestead.com', 'IzxNlUxX1Qa', 'http://dummyimage.com/233x100.png/ff4444/ffffff', false);
insert into "user" (id, name, username, email, password, image, banned) values (81, 'Charlie Koeppe', 'ckoeppe1y', 'ckoeppe1y@ca.gov', 'OXz5pmKLsfF', 'http://dummyimage.com/157x100.png/dddddd/000000', true);
insert into "user" (id, name, username, email, password, image, banned) values (82, 'Valli Sidery', 'vsidery1z', 'vsidery1z@symantec.com', 'o9oLzHGx3', 'http://dummyimage.com/233x100.png/5fa2dd/ffffff', true);
insert into "user" (id, name, username, email, password, image, banned) values (83, 'Natalina Mathiasen', 'nmathiasen20', 'nmathiasen20@java.com', 'ZbS3nCvTHO', 'http://dummyimage.com/132x100.png/dddddd/000000', false);
insert into "user" (id, name, username, email, password, image, banned) values (84, 'Kameko McTear', 'kmctear21', 'kmctear21@tumblr.com', 'orkid89a', 'http://dummyimage.com/196x100.png/cc0000/ffffff', true);
insert into "user" (id, name, username, email, password, image, banned) values (85, 'Judd Kidsley', 'jkidsley22', 'jkidsley22@diigo.com', 'saM8ms', 'http://dummyimage.com/186x100.png/cc0000/ffffff', false);
insert into "user" (id, name, username, email, password, image, banned) values (86, 'Angeline Gravie', 'agravie23', 'agravie23@gov.uk', 'imwi32r5e', 'http://dummyimage.com/225x100.png/5fa2dd/ffffff', false);
insert into "user" (id, name, username, email, password, image, banned) values (87, 'Eudora Grut', 'egrut24', 'egrut24@timesonline.co.uk', '05VYwewj1', 'http://dummyimage.com/209x100.png/ff4444/ffffff', false);
insert into "user" (id, name, username, email, password, image, banned) values (88, 'Merci Bril', 'mbril25', 'mbril25@flickr.com', 'BP8KCNx', 'http://dummyimage.com/124x100.png/dddddd/000000', false);
insert into "user" (id, name, username, email, password, image, banned) values (89, 'Toby Joffe', 'tjoffe26', 'tjoffe26@google.it', 'cDPvviMwdGv', 'http://dummyimage.com/210x100.png/ff4444/ffffff', false);
insert into "user" (id, name, username, email, password, image, banned) values (90, 'Clyve Sickert', 'csickert27', 'csickert27@prnewswire.com', 'OhBBJKy', 'http://dummyimage.com/163x100.png/dddddd/000000', false);
insert into "user" (id, name, username, email, password, image, banned) values (91, 'Rosene Neasam', 'rneasam28', 'rneasam28@virginia.edu', '12ObUdGa1', 'http://dummyimage.com/192x100.png/ff4444/ffffff', false);
insert into "user" (id, name, username, email, password, image, banned) values (92, 'Nari Snaddon', 'nsnaddon29', 'nsnaddon29@ca.gov', 'MOmCA2X1', 'http://dummyimage.com/164x100.png/ff4444/ffffff', true);
insert into "user" (id, name, username, email, password, image, banned) values (93, 'Dehlia Tremmel', 'dtremmel2a', 'dtremmel2a@google.de', 'rSXVvY', 'http://dummyimage.com/148x100.png/5fa2dd/ffffff', false);
insert into "user" (id, name, username, email, password, image, banned) values (94, 'Gabie Gier', 'ggier2b', 'ggier2b@rediff.com', 'PkfbwGgHtK2', 'http://dummyimage.com/157x100.png/cc0000/ffffff', false);
insert into "user" (id, name, username, email, password, image, banned) values (95, 'Briny Dales', 'bdales2c', 'bdales2c@cafepress.com', 'O3eHs44', 'http://dummyimage.com/178x100.png/dddddd/000000', false);
insert into "user" (id, name, username, email, password, image, banned) values (96, 'Dominique Wooller', 'dwooller2d', 'dwooller2d@icio.us', 'IczHP2', 'http://dummyimage.com/198x100.png/ff4444/ffffff', true);
insert into "user" (id, name, username, email, password, image, banned) values (97, 'Meryl Dahle', 'mdahle2e', 'mdahle2e@pcworld.com', 'ZJ4TYSdssA', 'http://dummyimage.com/223x100.png/cc0000/ffffff', true);
insert into "user" (id, name, username, email, password, image, banned) values (98, 'Fayre Maren', 'fmaren2f', 'fmaren2f@ebay.co.uk', 'XfO59Q', 'http://dummyimage.com/220x100.png/cc0000/ffffff', true);
insert into "user" (id, name, username, email, password, image, banned) values (99, 'Martica Mougeot', 'mmougeot2g', 'mmougeot2g@msu.edu', 'eH3j2scfyUZG', 'http://dummyimage.com/182x100.png/cc0000/ffffff', false);
insert into "user" (id, name, username, email, password, image, banned) values (100, 'Packston Beck', 'pbeck2h', 'pbeck2h@dyndns.org', '6DuvU44fU', 'http://dummyimage.com/173x100.png/ff4444/ffffff', true);
insert into "user" (id, name, username, email, password, image, banned) values (101, 'Stephen Kares', 'skares2i', 'skares2i@posterous.com', '9lIovE', 'http://dummyimage.com/250x100.png/dddddd/000000', true);
insert into "user" (id, name, username, email, password, image, banned) values (102, 'North Vynehall', 'nvynehall2j', 'nvynehall2j@odnoklassniki.ru', 'AqEcSdHjOB9t', 'http://dummyimage.com/116x100.png/cc0000/ffffff', true);
insert into "user" (id, name, username, email, password, image, banned) values (103, 'Bail Greir', 'bgreir2k', 'bgreir2k@amazon.com', 'NcUIT6K78E30', 'http://dummyimage.com/184x100.png/dddddd/000000', false);
insert into "user" (id, name, username, email, password, image, banned) values (104, 'Truman Humbee', 'thumbee2l', 'thumbee2l@reverbnation.com', 'Afm3TWjCLgSG', 'http://dummyimage.com/248x100.png/cc0000/ffffff', false);
insert into "user" (id, name, username, email, password, image, banned) values (105, 'Mirilla Naper', 'mnaper2m', 'mnaper2m@seattletimes.com', 'Mrp7aXP', 'http://dummyimage.com/172x100.png/cc0000/ffffff', true);
insert into "user" (id, name, username, email, password, image, banned) values (106, 'Jessey Benjamin', 'jbenjamin2n', 'jbenjamin2n@shop-pro.jp', 'FfizfGKy8', 'http://dummyimage.com/207x100.png/5fa2dd/ffffff', true);
insert into "user" (id, name, username, email, password, image, banned) values (107, 'Burtie Spours', 'bspours2o', 'bspours2o@house.gov', 'lm3ec4JF', 'http://dummyimage.com/102x100.png/ff4444/ffffff', false);
insert into "user" (id, name, username, email, password, image, banned) values (108, 'Zed Wardhaw', 'zwardhaw2p', 'zwardhaw2p@posterous.com', '78bngB', 'http://dummyimage.com/183x100.png/cc0000/ffffff', false);
insert into "user" (id, name, username, email, password, image, banned) values (109, 'Cecily Fitzjohn', 'cfitzjohn2q', 'cfitzjohn2q@businesswire.com', 'sCHiyiA8', 'http://dummyimage.com/117x100.png/ff4444/ffffff', true);
insert into "user" (id, name, username, email, password, image, banned) values (110, 'Roanne Aylmore', 'raylmore2r', 'raylmore2r@yellowpages.com', 'ugnDj2', 'http://dummyimage.com/222x100.png/5fa2dd/ffffff', true);
insert into "user" (id, name, username, email, password, image, banned) values (111, 'Zacharias Edleston', 'zedleston2s', 'zedleston2s@rediff.com', 'gkSvCx8', 'http://dummyimage.com/112x100.png/dddddd/000000', true);
insert into "user" (id, name, username, email, password, image, banned) values (112, 'Shanan Mauchline', 'smauchline2t', 'smauchline2t@shop-pro.jp', '8FNuTR2q', 'http://dummyimage.com/151x100.png/cc0000/ffffff', true);
insert into "user" (id, name, username, email, password, image, banned) values (113, 'Susan Oliveira', 'soliveira2u', 'soliveira2u@wp.com', 'AHSus7A', 'http://dummyimage.com/202x100.png/5fa2dd/ffffff', false);
insert into "user" (id, name, username, email, password, image, banned) values (114, 'Nikolos Jurgenson', 'njurgenson2v', 'njurgenson2v@timesonline.co.uk', '4QZ6NRpkwzWt', 'http://dummyimage.com/117x100.png/cc0000/ffffff', false);
insert into "user" (id, name, username, email, password, image, banned) values (115, 'Alfonse Bauman', 'abauman2w', 'abauman2w@wikipedia.org', 'VVRQ7CrBXv', 'http://dummyimage.com/146x100.png/ff4444/ffffff', false);
insert into "user" (id, name, username, email, password, image, banned) values (116, 'Clair Sidden', 'csidden2x', 'csidden2x@privacy.gov.au', 'BCPANd9Rai', 'http://dummyimage.com/101x100.png/ff4444/ffffff', false);
insert into "user" (id, name, username, email, password, image, banned) values (117, 'Jarret Boich', 'jboich2y', 'jboich2y@umich.edu', 'xhvnNnSeA', 'http://dummyimage.com/212x100.png/ff4444/ffffff', false);
insert into "user" (id, name, username, email, password, image, banned) values (118, 'Chickie Gillingham', 'cgillingham2z', 'cgillingham2z@cbslocal.com', 'b6XqhGrRbBip', 'http://dummyimage.com/150x100.png/cc0000/ffffff', true);
insert into "user" (id, name, username, email, password, image, banned) values (119, 'Barthel Carbry', 'bcarbry30', 'bcarbry30@booking.com', 'vQ3cfCVG', 'http://dummyimage.com/157x100.png/ff4444/ffffff', true);
insert into "user" (id, name, username, email, password, image, banned) values (120, 'Avrom Brazelton', 'abrazelton31', 'abrazelton31@timesonline.co.uk', 'z92rA5qn37', 'http://dummyimage.com/203x100.png/5fa2dd/ffffff', false);
insert into "user" (id, name, username, email, password, image, banned) values (121, 'Wildon Burford', 'wburford32', 'wburford32@biglobe.ne.jp', 'mrfeNwiMWsi', 'http://dummyimage.com/169x100.png/5fa2dd/ffffff', true);
insert into "user" (id, name, username, email, password, image, banned) values (122, 'Meghan Bridges', 'mbridges33', 'mbridges33@hostgator.com', 'lQhEuoYVu8S', 'http://dummyimage.com/228x100.png/5fa2dd/ffffff', true);
insert into "user" (id, name, username, email, password, image, banned) values (123, 'Shelagh Audley', 'saudley34', 'saudley34@creativecommons.org', 'IkTvQK1w', 'http://dummyimage.com/250x100.png/cc0000/ffffff', true);
insert into "user" (id, name, username, email, password, image, banned) values (124, 'Ivar Stefi', 'istefi35', 'istefi35@chronoengine.com', 'i9yYpv28C', 'http://dummyimage.com/119x100.png/dddddd/000000', false);
insert into "user" (id, name, username, email, password, image, banned) values (125, 'Hunter Arlet', 'harlet36', 'harlet36@quantcast.com', '9o1F9LzuW', 'http://dummyimage.com/231x100.png/5fa2dd/ffffff', true);
insert into "user" (id, name, username, email, password, image, banned) values (126, 'Brendon Herreros', 'bherreros37', 'bherreros37@about.com', 'exx2t31An8', 'http://dummyimage.com/154x100.png/5fa2dd/ffffff', false);
insert into "user" (id, name, username, email, password, image, banned) values (127, 'Cherye Westerman', 'cwesterman38', 'cwesterman38@ovh.net', '0cJ49LcIuq5d', 'http://dummyimage.com/228x100.png/dddddd/000000', true);
insert into "user" (id, name, username, email, password, image, banned) values (128, 'Griselda Hackey', 'ghackey39', 'ghackey39@opensource.org', 'kwnmH46aaC6', 'http://dummyimage.com/174x100.png/cc0000/ffffff', true);
insert into "user" (id, name, username, email, password, image, banned) values (129, 'Starla Dudeney', 'sdudeney3a', 'sdudeney3a@barnesandnoble.com', 'Mza1PtVE8g', 'http://dummyimage.com/184x100.png/dddddd/000000', false);
insert into "user" (id, name, username, email, password, image, banned) values (130, 'Ros Chivers', 'rchivers3b', 'rchivers3b@dot.gov', 'yS87Aa', 'http://dummyimage.com/222x100.png/5fa2dd/ffffff', true);
insert into "user" (id, name, username, email, password, image, banned) values (131, 'Audie Hanrahan', 'ahanrahan3c', 'ahanrahan3c@hp.com', 'G7Aiul', 'http://dummyimage.com/208x100.png/5fa2dd/ffffff', false);
insert into "user" (id, name, username, email, password, image, banned) values (132, 'Lyndell Cumpsty', 'lcumpsty3d', 'lcumpsty3d@odnoklassniki.ru', 'VnG3Smz', 'http://dummyimage.com/188x100.png/ff4444/ffffff', true);
insert into "user" (id, name, username, email, password, image, banned) values (133, 'Murray Hawsby', 'mhawsby3e', 'mhawsby3e@angelfire.com', 'RRuDjiqe', 'http://dummyimage.com/229x100.png/dddddd/000000', true);
insert into "user" (id, name, username, email, password, image, banned) values (134, 'Hadleigh Soper', 'hsoper3f', 'hsoper3f@etsy.com', 'ZXMFGFfwZ', 'http://dummyimage.com/210x100.png/cc0000/ffffff', true);
insert into "user" (id, name, username, email, password, image, banned) values (135, 'Christiana Jeandet', 'cjeandet3g', 'cjeandet3g@discuz.net', 'QP2KDD', 'http://dummyimage.com/231x100.png/dddddd/000000', true);
insert into "user" (id, name, username, email, password, image, banned) values (136, 'Bonnie Penylton', 'bpenylton3h', 'bpenylton3h@noaa.gov', '7tiQ9F', 'http://dummyimage.com/152x100.png/ff4444/ffffff', true);
insert into "user" (id, name, username, email, password, image, banned) values (137, 'Godfree Hammonds', 'ghammonds3i', 'ghammonds3i@google.nl', '3p4wn4QCxmh', 'http://dummyimage.com/212x100.png/ff4444/ffffff', false);
insert into "user" (id, name, username, email, password, image, banned) values (138, 'Christi Ferries', 'cferries3j', 'cferries3j@goodreads.com', 'r4DIB99', 'http://dummyimage.com/209x100.png/cc0000/ffffff', true);
insert into "user" (id, name, username, email, password, image, banned) values (139, 'Darrelle Fellibrand', 'dfellibrand3k', 'dfellibrand3k@reverbnation.com', 'aXKE3LeavfP', 'http://dummyimage.com/133x100.png/cc0000/ffffff', false);
insert into "user" (id, name, username, email, password, image, banned) values (140, 'Cristiano Whithorn', 'cwhithorn3l', 'cwhithorn3l@omniture.com', 'aqqL5vNxx', 'http://dummyimage.com/237x100.png/ff4444/ffffff', true);
insert into "user" (id, name, username, email, password, image, banned) values (141, 'Cole Ream', 'cream3m', 'cream3m@1und1.de', 'pxUO9np', 'http://dummyimage.com/200x100.png/5fa2dd/ffffff', false);
insert into "user" (id, name, username, email, password, image, banned) values (142, 'Randell Edgson', 'redgson3n', 'redgson3n@japanpost.jp', 'jpYGlUmwiSNM', 'http://dummyimage.com/237x100.png/cc0000/ffffff', false);
insert into "user" (id, name, username, email, password, image, banned) values (143, 'Bondon Umpleby', 'bumpleby3o', 'bumpleby3o@pen.io', 'N0g30VG5FEo', 'http://dummyimage.com/237x100.png/dddddd/000000', false);
insert into "user" (id, name, username, email, password, image, banned) values (144, 'Derward Drinkwater', 'ddrinkwater3p', 'ddrinkwater3p@utexas.edu', 'EbmCNdKK9', 'http://dummyimage.com/172x100.png/5fa2dd/ffffff', false);
insert into "user" (id, name, username, email, password, image, banned) values (145, 'Worthington Beange', 'wbeange3q', 'wbeange3q@telegraph.co.uk', 'D7an2a5u', 'http://dummyimage.com/146x100.png/dddddd/000000', true);
insert into "user" (id, name, username, email, password, image, banned) values (146, 'Adham Blinkhorn', 'ablinkhorn3r', 'ablinkhorn3r@mayoclinic.com', '46O8BvMRptdM', 'http://dummyimage.com/195x100.png/ff4444/ffffff', true);
insert into "user" (id, name, username, email, password, image, banned) values (147, 'Andrea Helliker', 'ahelliker3s', 'ahelliker3s@alexa.com', 'ShXnNQVHvV', 'http://dummyimage.com/101x100.png/dddddd/000000', true);
insert into "user" (id, name, username, email, password, image, banned) values (148, 'Eben Duffitt', 'eduffitt3t', 'eduffitt3t@yahoo.com', 'vi2qfp2f', 'http://dummyimage.com/194x100.png/dddddd/000000', true);
insert into "user" (id, name, username, email, password, image, banned) values (149, 'Karlis Blacket', 'kblacket3u', 'kblacket3u@cargocollective.com', 'JvG9beCuBZ', 'http://dummyimage.com/202x100.png/5fa2dd/ffffff', true);
insert into "user" (id, name, username, email, password, image, banned) values (150, 'Enrichetta Laurenz', 'elaurenz3v', 'elaurenz3v@amazon.com', 'dHn1eRW', 'http://dummyimage.com/140x100.png/dddddd/000000', false);
insert into "user" (id, name, username, email, password, image, banned) values (151, 'Thorstein Goschalk', 'tgoschalk3w', 'tgoschalk3w@networkadvertising.org', 'eUugnHpdcm', 'http://dummyimage.com/196x100.png/ff4444/ffffff', false);
insert into "user" (id, name, username, email, password, image, banned) values (152, 'Eleen McQuaide', 'emcquaide3x', 'emcquaide3x@theglobeandmail.com', 'LkRdsLjla3', 'http://dummyimage.com/224x100.png/ff4444/ffffff', true);
insert into "user" (id, name, username, email, password, image, banned) values (153, 'Leif Lawlee', 'llawlee3y', 'llawlee3y@ihg.com', 'XCSXIdS2QZ', 'http://dummyimage.com/188x100.png/5fa2dd/ffffff', true);
insert into "user" (id, name, username, email, password, image, banned) values (154, 'Farr Edgeson', 'fedgeson3z', 'fedgeson3z@theatlantic.com', 'lG3r4zN63A', 'http://dummyimage.com/201x100.png/ff4444/ffffff', false);
insert into "user" (id, name, username, email, password, image, banned) values (155, 'Fanechka Marians', 'fmarians40', 'fmarians40@sitemeter.com', 'Pou9Ybj', 'http://dummyimage.com/112x100.png/cc0000/ffffff', false);
insert into "user" (id, name, username, email, password, image, banned) values (156, 'Allayne Bartholomew', 'abartholomew41', 'abartholomew41@earthlink.net', '7TzVWXbZ2KH2', 'http://dummyimage.com/130x100.png/dddddd/000000', true);
insert into "user" (id, name, username, email, password, image, banned) values (157, 'Wynn MacElholm', 'wmacelholm42', 'wmacelholm42@hugedomains.com', 'Ia5hmrnB', 'http://dummyimage.com/194x100.png/dddddd/000000', true);
insert into "user" (id, name, username, email, password, image, banned) values (158, 'Alyosha Vynarde', 'avynarde43', 'avynarde43@about.me', 'qnXRe3', 'http://dummyimage.com/134x100.png/cc0000/ffffff', true);
insert into "user" (id, name, username, email, password, image, banned) values (159, 'Zandra Gillbe', 'zgillbe44', 'zgillbe44@ask.com', 'R4NwYUAZH', 'http://dummyimage.com/128x100.png/ff4444/ffffff', false);
insert into "user" (id, name, username, email, password, image, banned) values (160, 'Wright Cobbing', 'wcobbing45', 'wcobbing45@cafepress.com', 'G4LSUWir', 'http://dummyimage.com/146x100.png/ff4444/ffffff', false);

insert into Colour (id, name) values (1, 'Mauv');
insert into Colour (id, name) values (2, 'Puce');
insert into Colour (id, name) values (3, 'Aquamarine');
insert into Colour (id, name) values (4, 'Red');
insert into Colour (id, name) values (5, 'Indigo');
insert into Colour (id, name) values (6, 'Pink');
insert into Colour (id, name) values (7, 'Khaki');
insert into Colour (id, name) values (8, 'Pink');
insert into Colour (id, name) values (9, 'Violet');
insert into Colour (id, name) values (10, 'Orange');
insert into Colour (id, name) values (11, 'Crimson');
insert into Colour (id, name) values (12, 'Blue');
insert into Colour (id, name) values (13, 'Red');
insert into Colour (id, name) values (14, 'Green');
insert into Colour (id, name) values (15, 'Teal');