insert into "user" (id, name, username, email, password, image, banned, admin) values (1, 'Ainsley Flowerden', 'aflowerden0', 'aflowerden0@posterous.com', 'kNmDqPrWt', 'http://dummyimage.com/135x100.png/dddddd/000000', false, true);
insert into "user" (id, name, username, email, password, image, banned, admin) values (2, 'Nappy Berrisford', 'nberrisford1', 'nberrisford1@netscape.com', '7C2oJYrT5Yfw', 'http://dummyimage.com/204x100.png/cc0000/ffffff', false, true);
insert into "user" (id, name, username, email, password, image, banned, admin) values (3, 'Giraud McFadin', 'gmcfadin2', 'gmcfadin2@washington.edu', 'V5O4sbDVNq', 'http://dummyimage.com/117x100.png/ff4444/ffffff', false, true);
insert into "user" (id, name, username, email, password, image, banned, admin) values (4, 'Xerxes Faber', 'xfaber3', 'xfaber3@cocolog-nifty.com', '1Csqw0Cpw', 'http://dummyimage.com/202x100.png/5fa2dd/ffffff', false, true);
insert into "user" (id, name, username, email, password, image, banned, admin) values (5, 'Nealy Clousley', 'nclousley4', 'nclousley4@merriam-webster.com', 'q5R2qPFRaptA', 'http://dummyimage.com/221x100.png/5fa2dd/ffffff', false, true);
insert into "user" (id, name, username, email, password, image, banned, admin) values (6, 'Lise Castro', 'lcastro5', 'lcastro5@w3.org', 'W5ziIyZ123fy', 'http://dummyimage.com/217x100.png/ff4444/ffffff', false, true);
insert into "user" (id, name, username, email, password, image, banned, admin) values (7, 'Arlene Carlos', 'acarlos6', 'acarlos6@prlog.org', 'EzelEm', 'http://dummyimage.com/116x100.png/5fa2dd/ffffff', false, true);
insert into "user" (id, name, username, email, password, image, banned, admin) values (8, 'Stanislaus Monget', 'smonget7', 'smonget7@cafepress.com', 'G19c7k', 'http://dummyimage.com/195x100.png/dddddd/000000', false, true);
insert into "user" (id, name, username, email, password, image, banned, admin) values (9, 'Jerrold Ausher', 'jausher8', 'jausher8@storify.com', 'uTlh8Kb', 'http://dummyimage.com/181x100.png/ff4444/ffffff', false, true);
insert into "user" (id, name, username, email, password, image, banned, admin) values (10, 'Giavani Gallon', 'ggallon9', 'ggallon9@europa.eu', '8FjJKA2aP', 'http://dummyimage.com/187x100.png/5fa2dd/ffffff', false, true);
insert into "user" (id, name, username, email, password, image, banned) values (11, 'Augustine Huffadine', 'ahuffadine0', 'ahuffadine0@ihg.com', '8aXA2Ie5gF', 'http://dummyimage.com/142x100.png/ff4444/ffffff', false);
insert into "user" (id, name, username, email, password, image, banned) values (12, 'Merwin Taffrey', 'mtaffrey1', 'mtaffrey1@pbs.org', 'wdalKFUejY3r', 'http://dummyimage.com/194x100.png/cc0000/ffffff', true);
insert into "user" (id, name, username, email, password, image, banned) values (13, 'Tabitha Ryce', 'tryce2', 'tryce2@cargocollective.com', 'J3boab', 'http://dummyimage.com/234x100.png/cc0000/ffffff', true);
insert into "user" (id, name, username, email, password, image, banned) values (14, 'Caitrin Starie', 'cstarie3', 'cstarie3@miibeian.gov.cn', 'YIjXDNh9nYz', 'http://dummyimage.com/241x100.png/5fa2dd/ffffff', true);
insert into "user" (id, name, username, email, password, image, banned) values (15, 'Costanza Jekyll', 'cjekyll4', 'cjekyll4@smugmug.com', '8R00R1fsa', 'http://dummyimage.com/247x100.png/5fa2dd/ffffff', true);
insert into "user" (id, name, username, email, password, image, banned) values (16, 'Robbert Dionsetti', 'rdionsetti5', 'rdionsetti5@ycombinator.com', 'j5iwttp', 'http://dummyimage.com/226x100.png/cc0000/ffffff', true);
insert into "user" (id, name, username, email, password, image, banned) values (17, 'Dar Earie', 'dearie6', 'dearie6@php.net', 'iS1dLchGk7A', 'http://dummyimage.com/127x100.png/5fa2dd/ffffff', false);
insert into "user" (id, name, username, email, password, image, banned) values (18, 'Renata Treversh', 'rtreversh7', 'rtreversh7@miibeian.gov.cn', 'lzyXdkzFD0n', 'http://dummyimage.com/147x100.png/cc0000/ffffff', false);
insert into "user" (id, name, username, email, password, image, banned) values (19, 'Mikkel Sherrum', 'msherrum8', 'msherrum8@vistaprint.com', 'xTFKLTRtnwba', 'http://dummyimage.com/119x100.png/5fa2dd/ffffff', false);
insert into "user" (id, name, username, email, password, image, banned) values (20, 'Robers Charville', 'rcharville9', 'rcharville9@google.fr', 'E9tRS6q', 'http://dummyimage.com/215x100.png/5fa2dd/ffffff', false);
insert into "user" (id, name, username, email, password, image, banned) values (21, 'Twila Waliszewski', 'twaliszewskia', 'twaliszewskia@uol.com.br', 'GR5otZw9E5en', 'http://dummyimage.com/133x100.png/5fa2dd/ffffff', true);
insert into "user" (id, name, username, email, password, image, banned) values (22, 'Karena Bryenton', 'kbryentonb', 'kbryentonb@ucsd.edu', '4OZi9w8i', 'http://dummyimage.com/120x100.png/dddddd/000000', false);
insert into "user" (id, name, username, email, password, image, banned) values (23, 'Sheelagh Cripps', 'scrippsc', 'scrippsc@hubpages.com', 'sRlT8cUIfg', 'http://dummyimage.com/141x100.png/ff4444/ffffff', false);
insert into "user" (id, name, username, email, password, image, banned) values (24, 'Floris Braune', 'fbrauned', 'fbrauned@cam.ac.uk', 'cNCmpg1bL', 'http://dummyimage.com/229x100.png/5fa2dd/ffffff', false);
insert into "user" (id, name, username, email, password, image, banned) values (25, 'Teddi Pittem', 'tpitteme', 'tpitteme@shareasale.com', 'aPJgodP', 'http://dummyimage.com/212x100.png/cc0000/ffffff', true);
insert into "user" (id, name, username, email, password, image, banned) values (26, 'Micheline Chancelier', 'mchancelierf', 'mchancelierf@reuters.com', 'T3CeWeT', 'http://dummyimage.com/225x100.png/dddddd/000000', true);
insert into "user" (id, name, username, email, password, image, banned) values (27, 'Ellery Sibery', 'esiberyg', 'esiberyg@netlog.com', 'ELDgIu', 'http://dummyimage.com/205x100.png/ff4444/ffffff', false);
insert into "user" (id, name, username, email, password, image, banned) values (28, 'Tamma Courcey', 'tcourceyh', 'tcourceyh@uol.com.br', '9k14ATkyAoH', 'http://dummyimage.com/194x100.png/5fa2dd/ffffff', true);
insert into "user" (id, name, username, email, password, image, banned) values (29, 'Electra Barbosa', 'ebarbosai', 'ebarbosai@ezinearticles.com', 'CpCkNFh0', 'http://dummyimage.com/148x100.png/cc0000/ffffff', false);
insert into "user" (id, name, username, email, password, image, banned) values (30, 'Ferris Knee', 'fkneej', 'fkneej@diigo.com', 'I5Qyy6Sz7054', 'http://dummyimage.com/126x100.png/cc0000/ffffff', false);
insert into "user" (id, name, username, email, password, image, banned) values (31, 'Rad Keems', 'rkeemsk', 'rkeemsk@ihg.com', 'ma1NxmkpnW', 'http://dummyimage.com/196x100.png/ff4444/ffffff', true);
insert into "user" (id, name, username, email, password, image, banned) values (32, 'Ella Thoresby', 'ethoresbyl', 'ethoresbyl@acquirethisname.com', 'GBvUsKlTR2s', 'http://dummyimage.com/157x100.png/ff4444/ffffff', false);
insert into "user" (id, name, username, email, password, image, banned) values (33, 'Odo Sowray', 'osowraym', 'osowraym@go.com', 'VQAcuMPxW2w', 'http://dummyimage.com/228x100.png/ff4444/ffffff', true);
insert into "user" (id, name, username, email, password, image, banned) values (34, 'Freemon Von Brook', 'fvonn', 'fvonn@clickbank.net', 'ODGvTsYs', 'http://dummyimage.com/153x100.png/5fa2dd/ffffff', true);
insert into "user" (id, name, username, email, password, image, banned) values (35, 'Dill Ashbee', 'dashbeeo', 'dashbeeo@free.fr', 'dVsjnfTaFU', 'http://dummyimage.com/219x100.png/5fa2dd/ffffff', true);
insert into "user" (id, name, username, email, password, image, banned) values (36, 'Sherrie Foulger', 'sfoulgerp', 'sfoulgerp@amazon.co.uk', 'dNoK9SmA', 'http://dummyimage.com/133x100.png/ff4444/ffffff', false);
insert into "user" (id, name, username, email, password, image, banned) values (37, 'Tracy Clear', 'tclearq', 'tclearq@livejournal.com', 'OlJzXP', 'http://dummyimage.com/161x100.png/dddddd/000000', true);
insert into "user" (id, name, username, email, password, image, banned) values (38, 'Salomone Pollastrino', 'spollastrinor', 'spollastrinor@pen.io', 'FnYUdJpw', 'http://dummyimage.com/185x100.png/5fa2dd/ffffff', false);
insert into "user" (id, name, username, email, password, image, banned) values (39, 'Laney Kynaston', 'lkynastons', 'lkynastons@mtv.com', 'KfAyaMCT2q1q', 'http://dummyimage.com/243x100.png/dddddd/000000', false);
insert into "user" (id, name, username, email, password, image, banned) values (40, 'Timotheus Tal', 'ttalt', 'ttalt@icq.com', 'L0xNnW25CD', 'http://dummyimage.com/116x100.png/dddddd/000000', false);
insert into "user" (id, name, username, email, password, image, banned) values (41, 'Chic Heakey', 'cheakeyu', 'cheakeyu@drupal.org', 'KIvH34a', 'http://dummyimage.com/104x100.png/5fa2dd/ffffff', true);
insert into "user" (id, name, username, email, password, image, banned) values (42, 'Grantley McKeurtan', 'gmckeurtanv', 'gmckeurtanv@istockphoto.com', 'MYF4teKx1Dl', 'http://dummyimage.com/148x100.png/dddddd/000000', false);
insert into "user" (id, name, username, email, password, image, banned) values (43, 'Kipp Arnot', 'karnotw', 'karnotw@nyu.edu', 'nJvngMy', 'http://dummyimage.com/208x100.png/5fa2dd/ffffff', true);
insert into "user" (id, name, username, email, password, image, banned) values (44, 'Maximilian Duly', 'mdulyx', 'mdulyx@newsvine.com', 'W5nF1Y', 'http://dummyimage.com/158x100.png/5fa2dd/ffffff', true);
insert into "user" (id, name, username, email, password, image, banned) values (45, 'Antoni Sollars', 'asollarsy', 'asollarsy@blogtalkradio.com', 'jsOqeM7o5G0Y', 'http://dummyimage.com/208x100.png/ff4444/ffffff', true);
insert into "user" (id, name, username, email, password, image, banned) values (46, 'Maddalena MacElholm', 'mmacelholmz', 'mmacelholmz@creativecommons.org', 'T2nf09nVtGs', 'http://dummyimage.com/174x100.png/5fa2dd/ffffff', false);
insert into "user" (id, name, username, email, password, image, banned) values (47, 'Peyter Knowlden', 'pknowlden10', 'pknowlden10@nhs.uk', '7RpR5rZ1zv', 'http://dummyimage.com/221x100.png/cc0000/ffffff', true);
insert into "user" (id, name, username, email, password, image, banned) values (48, 'Aldin Gerrels', 'agerrels11', 'agerrels11@huffingtonpost.com', '1CyBvZHoq', 'http://dummyimage.com/194x100.png/ff4444/ffffff', false);
insert into "user" (id, name, username, email, password, image, banned) values (49, 'Janeta Mathivet', 'jmathivet12', 'jmathivet12@com.com', '5J6vD75t', 'http://dummyimage.com/124x100.png/dddddd/000000', true);
insert into "user" (id, name, username, email, password, image, banned) values (50, 'Baillie Inchbald', 'binchbald13', 'binchbald13@tmall.com', 'wsN8KkAR8pd', 'http://dummyimage.com/246x100.png/dddddd/000000', false);
insert into "user" (id, name, username, email, password, image, banned) values (51, 'Donaugh Shier', 'dshier14', 'dshier14@blinklist.com', 'U04zK28QFhf', 'http://dummyimage.com/245x100.png/5fa2dd/ffffff', true);
insert into "user" (id, name, username, email, password, image, banned) values (52, 'Trevor McGirl', 'tmcgirl15', 'tmcgirl15@booking.com', 'SaRCaMQ', 'http://dummyimage.com/177x100.png/dddddd/000000', false);
insert into "user" (id, name, username, email, password, image, banned) values (53, 'Boonie McPaike', 'bmcpaike16', 'bmcpaike16@mail.ru', 'g8fCMWbb7q1K', 'http://dummyimage.com/243x100.png/ff4444/ffffff', false);
insert into "user" (id, name, username, email, password, image, banned) values (54, 'Marwin Bilovus', 'mbilovus17', 'mbilovus17@360.cn', 'lhqL5oW', 'http://dummyimage.com/225x100.png/ff4444/ffffff', false);
insert into "user" (id, name, username, email, password, image, banned) values (55, 'West Hawke', 'whawke18', 'whawke18@angelfire.com', 'pCO3WMm8E', 'http://dummyimage.com/133x100.png/5fa2dd/ffffff', true);
insert into "user" (id, name, username, email, password, image, banned) values (56, 'Cory Paschke', 'cpaschke19', 'cpaschke19@ocn.ne.jp', 'LMWvIxz9', 'http://dummyimage.com/150x100.png/cc0000/ffffff', false);
insert into "user" (id, name, username, email, password, image, banned) values (57, 'Ted Nickell', 'tnickell1a', 'tnickell1a@google.it', 'eM2ujUyD6', 'http://dummyimage.com/122x100.png/dddddd/000000', false);
insert into "user" (id, name, username, email, password, image, banned) values (58, 'Martguerita Ealam', 'mealam1b', 'mealam1b@dion.ne.jp', 'H9QOqOtGiZg', 'http://dummyimage.com/164x100.png/cc0000/ffffff', false);
insert into "user" (id, name, username, email, password, image, banned) values (59, 'Gwenni Pybworth', 'gpybworth1c', 'gpybworth1c@about.me', 'hfSFbpzyU5', 'http://dummyimage.com/241x100.png/5fa2dd/ffffff', false);
insert into "user" (id, name, username, email, password, image, banned) values (60, 'Bronson Dunbobin', 'bdunbobin1d', 'bdunbobin1d@who.int', 'Z4KaPVUXqN1c', 'http://dummyimage.com/233x100.png/cc0000/ffffff', false);
insert into "user" (id, name, username, email, password, image, banned) values (61, 'Algernon Laffling', 'alaffling1e', 'alaffling1e@springer.com', '4iMkERX', 'http://dummyimage.com/102x100.png/ff4444/ffffff', true);
insert into "user" (id, name, username, email, password, image, banned) values (62, 'Obed Matzl', 'omatzl1f', 'omatzl1f@squidoo.com', 'eKnBmEaOXi', 'http://dummyimage.com/124x100.png/ff4444/ffffff', true);
insert into "user" (id, name, username, email, password, image, banned) values (63, 'Karylin Georgeou', 'kgeorgeou1g', 'kgeorgeou1g@cnet.com', 'ylVkBvgWGStl', 'http://dummyimage.com/231x100.png/cc0000/ffffff', true);
insert into "user" (id, name, username, email, password, image, banned) values (64, 'Barron Ritchings', 'britchings1h', 'britchings1h@51.la', 'la8Urn', 'http://dummyimage.com/235x100.png/cc0000/ffffff', false);
insert into "user" (id, name, username, email, password, image, banned) values (65, 'Derek Sargeant', 'dsargeant1i', 'dsargeant1i@shop-pro.jp', '9ejofng', 'http://dummyimage.com/179x100.png/5fa2dd/ffffff', true);
insert into "user" (id, name, username, email, password, image, banned) values (66, 'Garik Maylour', 'gmaylour1j', 'gmaylour1j@odnoklassniki.ru', 'PWj2Wk', 'http://dummyimage.com/154x100.png/5fa2dd/ffffff', true);
insert into "user" (id, name, username, email, password, image, banned) values (67, 'Joni Pedrick', 'jpedrick1k', 'jpedrick1k@storify.com', 'HtEPv8iK', 'http://dummyimage.com/229x100.png/ff4444/ffffff', false);
insert into "user" (id, name, username, email, password, image, banned) values (68, 'Rosalyn Sheber', 'rsheber1l', 'rsheber1l@google.co.jp', 'mSzfwvUBgb', 'http://dummyimage.com/188x100.png/dddddd/000000', true);
insert into "user" (id, name, username, email, password, image, banned) values (69, 'Nehemiah Forrington', 'nforrington1m', 'nforrington1m@deviantart.com', 'dpqoYC8kFPR', 'http://dummyimage.com/236x100.png/5fa2dd/ffffff', true);
insert into "user" (id, name, username, email, password, image, banned) values (70, 'Halie Junes', 'hjunes1n', 'hjunes1n@utexas.edu', 'IzOHq4ruW5', 'http://dummyimage.com/170x100.png/ff4444/ffffff', true);
insert into "user" (id, name, username, email, password, image, banned) values (71, 'Denney Snarie', 'dsnarie1o', 'dsnarie1o@google.cn', 'es3nyuFB', 'http://dummyimage.com/150x100.png/ff4444/ffffff', true);
insert into "user" (id, name, username, email, password, image, banned) values (72, 'Eugenia Crosham', 'ecrosham1p', 'ecrosham1p@paginegialle.it', '2zaygB1xtcJ', 'http://dummyimage.com/238x100.png/dddddd/000000', false);
insert into "user" (id, name, username, email, password, image, banned) values (73, 'Mitchell Crutch', 'mcrutch1q', 'mcrutch1q@businessinsider.com', 'YjyuVFlHpY', 'http://dummyimage.com/137x100.png/ff4444/ffffff', true);
insert into "user" (id, name, username, email, password, image, banned) values (74, 'Marcelia Allaway', 'mallaway1r', 'mallaway1r@xinhuanet.com', '1yNxNC', 'http://dummyimage.com/177x100.png/dddddd/000000', false);
insert into "user" (id, name, username, email, password, image, banned) values (75, 'Tomasina Menat', 'tmenat1s', 'tmenat1s@uol.com.br', 'yPhGwT8U3LCP', 'http://dummyimage.com/127x100.png/cc0000/ffffff', true);
insert into "user" (id, name, username, email, password, image, banned) values (76, 'Clarissa Pyburn', 'cpyburn1t', 'cpyburn1t@phoca.cz', 'qpqV8qh', 'http://dummyimage.com/176x100.png/cc0000/ffffff', false);
insert into "user" (id, name, username, email, password, image, banned) values (77, 'Cyrille Mounsie', 'cmounsie1u', 'cmounsie1u@pinterest.com', 'GfIovSns1XJ', 'http://dummyimage.com/188x100.png/ff4444/ffffff', true);
insert into "user" (id, name, username, email, password, image, banned) values (78, 'Rebekkah Peris', 'rperis1v', 'rperis1v@independent.co.uk', 'kr5gm58eDL', 'http://dummyimage.com/133x100.png/dddddd/000000', true);
insert into "user" (id, name, username, email, password, image, banned) values (79, 'Lorinda Laker', 'llaker1w', 'llaker1w@dion.ne.jp', '6Ih6CnK', 'http://dummyimage.com/126x100.png/cc0000/ffffff', true);
insert into "user" (id, name, username, email, password, image, banned) values (80, 'Ring Kemmey', 'rkemmey1x', 'rkemmey1x@homestead.com', 'IzxNlUxX1Qa', 'http://dummyimage.com/233x100.png/ff4444/ffffff', false);
insert into "user" (id, name, username, email, password, image, banned) values (81, 'Charlie Koeppe', 'ckoeppe1y', 'ckoeppe1y@ca.gov', 'OXz5pmKLsfF', 'http://dummyimage.com/157x100.png/dddddd/000000', true);
insert into "user" (id, name, username, email, password, image, banned) values (82, 'Valli Sidery', 'vsidery1z', 'vsidery1z@symantec.com', 'o9oLzHGx3', 'http://dummyimage.com/233x100.png/5fa2dd/ffffff', true);
insert into "user" (id, name, username, email, password, image, banned) values (83, 'Natalina Mathiasen', 'nmathiasen20', 'nmathiasen20@java.com', 'ZbS3nCvTHO', 'http://dummyimage.com/132x100.png/dddddd/000000', false);
insert into "user" (id, name, username, email, password, image, banned) values (84, 'Kameko McTear', 'kmctear21', 'kmctear21@tumblr.com', 'orkid89a', 'http://dummyimage.com/196x100.png/cc0000/ffffff', true);
insert into "user" (id, name, username, email, password, image, banned) values (85, 'Judd Kidsley', 'jkidsley22', 'jkidsley22@diigo.com', 'saM8ms', 'http://dummyimage.com/186x100.png/cc0000/ffffff', false);
insert into "user" (id, name, username, email, password, image, banned) values (86, 'Angeline Gravie', 'agravie23', 'agravie23@gov.uk', 'imwi32r5e', 'http://dummyimage.com/225x100.png/5fa2dd/ffffff', false);
insert into "user" (id, name, username, email, password, image, banned) values (87, 'Eudora Grut', 'egrut24', 'egrut24@timesonline.co.uk', '05VYwewj1', 'http://dummyimage.com/209x100.png/ff4444/ffffff', false);
insert into "user" (id, name, username, email, password, image, banned) values (88, 'Merci Bril', 'mbril25', 'mbril25@flickr.com', 'BP8KCNx', 'http://dummyimage.com/124x100.png/dddddd/000000', false);
insert into "user" (id, name, username, email, password, image, banned) values (89, 'Toby Joffe', 'tjoffe26', 'tjoffe26@google.it', 'cDPvviMwdGv', 'http://dummyimage.com/210x100.png/ff4444/ffffff', false);
insert into "user" (id, name, username, email, password, image, banned) values (90, 'Clyve Sickert', 'csickert27', 'csickert27@prnewswire.com', 'OhBBJKy', 'http://dummyimage.com/163x100.png/dddddd/000000', false);
insert into "user" (id, name, username, email, password, image, banned) values (91, 'Rosene Neasam', 'rneasam28', 'rneasam28@virginia.edu', '12ObUdGa1', 'http://dummyimage.com/192x100.png/ff4444/ffffff', false);
insert into "user" (id, name, username, email, password, image, banned) values (92, 'Nari Snaddon', 'nsnaddon29', 'nsnaddon29@ca.gov', 'MOmCA2X1', 'http://dummyimage.com/164x100.png/ff4444/ffffff', true);
insert into "user" (id, name, username, email, password, image, banned) values (93, 'Dehlia Tremmel', 'dtremmel2a', 'dtremmel2a@google.de', 'rSXVvY', 'http://dummyimage.com/148x100.png/5fa2dd/ffffff', false);
insert into "user" (id, name, username, email, password, image, banned) values (94, 'Gabie Gier', 'ggier2b', 'ggier2b@rediff.com', 'PkfbwGgHtK2', 'http://dummyimage.com/157x100.png/cc0000/ffffff', false);
insert into "user" (id, name, username, email, password, image, banned) values (95, 'Briny Dales', 'bdales2c', 'bdales2c@cafepress.com', 'O3eHs44', 'http://dummyimage.com/178x100.png/dddddd/000000', false);
insert into "user" (id, name, username, email, password, image, banned) values (96, 'Dominique Wooller', 'dwooller2d', 'dwooller2d@icio.us', 'IczHP2', 'http://dummyimage.com/198x100.png/ff4444/ffffff', true);
insert into "user" (id, name, username, email, password, image, banned) values (97, 'Meryl Dahle', 'mdahle2e', 'mdahle2e@pcworld.com', 'ZJ4TYSdssA', 'http://dummyimage.com/223x100.png/cc0000/ffffff', true);
insert into "user" (id, name, username, email, password, image, banned) values (98, 'Fayre Maren', 'fmaren2f', 'fmaren2f@ebay.co.uk', 'XfO59Q', 'http://dummyimage.com/220x100.png/cc0000/ffffff', true);
insert into "user" (id, name, username, email, password, image, banned) values (99, 'Martica Mougeot', 'mmougeot2g', 'mmougeot2g@msu.edu', 'eH3j2scfyUZG', 'http://dummyimage.com/182x100.png/cc0000/ffffff', false);
insert into "user" (id, name, username, email, password, image, banned) values (100, 'Packston Beck', 'pbeck2h', 'pbeck2h@dyndns.org', '6DuvU44fU', 'http://dummyimage.com/173x100.png/ff4444/ffffff', true);
insert into "user" (id, name, username, email, password, image, banned) values (101, 'Stephen Kares', 'skares2i', 'skares2i@posterous.com', '9lIovE', 'http://dummyimage.com/250x100.png/dddddd/000000', true);
insert into "user" (id, name, username, email, password, image, banned) values (102, 'North Vynehall', 'nvynehall2j', 'nvynehall2j@odnoklassniki.ru', 'AqEcSdHjOB9t', 'http://dummyimage.com/116x100.png/cc0000/ffffff', true);
insert into "user" (id, name, username, email, password, image, banned) values (103, 'Bail Greir', 'bgreir2k', 'bgreir2k@amazon.com', 'NcUIT6K78E30', 'http://dummyimage.com/184x100.png/dddddd/000000', false);
insert into "user" (id, name, username, email, password, image, banned) values (104, 'Truman Humbee', 'thumbee2l', 'thumbee2l@reverbnation.com', 'Afm3TWjCLgSG', 'http://dummyimage.com/248x100.png/cc0000/ffffff', false);
insert into "user" (id, name, username, email, password, image, banned) values (105, 'Mirilla Naper', 'mnaper2m', 'mnaper2m@seattletimes.com', 'Mrp7aXP', 'http://dummyimage.com/172x100.png/cc0000/ffffff', true);
insert into "user" (id, name, username, email, password, image, banned) values (106, 'Jessey Benjamin', 'jbenjamin2n', 'jbenjamin2n@shop-pro.jp', 'FfizfGKy8', 'http://dummyimage.com/207x100.png/5fa2dd/ffffff', true);
insert into "user" (id, name, username, email, password, image, banned) values (107, 'Burtie Spours', 'bspours2o', 'bspours2o@house.gov', 'lm3ec4JF', 'http://dummyimage.com/102x100.png/ff4444/ffffff', false);
insert into "user" (id, name, username, email, password, image, banned) values (108, 'Zed Wardhaw', 'zwardhaw2p', 'zwardhaw2p@posterous.com', '78bngB', 'http://dummyimage.com/183x100.png/cc0000/ffffff', false);
insert into "user" (id, name, username, email, password, image, banned) values (109, 'Cecily Fitzjohn', 'cfitzjohn2q', 'cfitzjohn2q@businesswire.com', 'sCHiyiA8', 'http://dummyimage.com/117x100.png/ff4444/ffffff', true);
insert into "user" (id, name, username, email, password, image, banned) values (110, 'Roanne Aylmore', 'raylmore2r', 'raylmore2r@yellowpages.com', 'ugnDj2', 'http://dummyimage.com/222x100.png/5fa2dd/ffffff', true);
insert into "user" (id, name, username, email, password, image, banned) values (111, 'Zacharias Edleston', 'zedleston2s', 'zedleston2s@rediff.com', 'gkSvCx8', 'http://dummyimage.com/112x100.png/dddddd/000000', true);
insert into "user" (id, name, username, email, password, image, banned) values (112, 'Shanan Mauchline', 'smauchline2t', 'smauchline2t@shop-pro.jp', '8FNuTR2q', 'http://dummyimage.com/151x100.png/cc0000/ffffff', true);
insert into "user" (id, name, username, email, password, image, banned) values (113, 'Susan Oliveira', 'soliveira2u', 'soliveira2u@wp.com', 'AHSus7A', 'http://dummyimage.com/202x100.png/5fa2dd/ffffff', false);
insert into "user" (id, name, username, email, password, image, banned) values (114, 'Nikolos Jurgenson', 'njurgenson2v', 'njurgenson2v@timesonline.co.uk', '4QZ6NRpkwzWt', 'http://dummyimage.com/117x100.png/cc0000/ffffff', false);
insert into "user" (id, name, username, email, password, image, banned) values (115, 'Alfonse Bauman', 'abauman2w', 'abauman2w@wikipedia.org', 'VVRQ7CrBXv', 'http://dummyimage.com/146x100.png/ff4444/ffffff', false);
insert into "user" (id, name, username, email, password, image, banned) values (116, 'Clair Sidden', 'csidden2x', 'csidden2x@privacy.gov.au', 'BCPANd9Rai', 'http://dummyimage.com/101x100.png/ff4444/ffffff', false);
insert into "user" (id, name, username, email, password, image, banned) values (117, 'Jarret Boich', 'jboich2y', 'jboich2y@umich.edu', 'xhvnNnSeA', 'http://dummyimage.com/212x100.png/ff4444/ffffff', false);
insert into "user" (id, name, username, email, password, image, banned) values (118, 'Chickie Gillingham', 'cgillingham2z', 'cgillingham2z@cbslocal.com', 'b6XqhGrRbBip', 'http://dummyimage.com/150x100.png/cc0000/ffffff', true);
insert into "user" (id, name, username, email, password, image, banned) values (119, 'Barthel Carbry', 'bcarbry30', 'bcarbry30@booking.com', 'vQ3cfCVG', 'http://dummyimage.com/157x100.png/ff4444/ffffff', true);
insert into "user" (id, name, username, email, password, image, banned) values (120, 'Avrom Brazelton', 'abrazelton31', 'abrazelton31@timesonline.co.uk', 'z92rA5qn37', 'http://dummyimage.com/203x100.png/5fa2dd/ffffff', false);
insert into "user" (id, name, username, email, password, image, banned) values (121, 'Wildon Burford', 'wburford32', 'wburford32@biglobe.ne.jp', 'mrfeNwiMWsi', 'http://dummyimage.com/169x100.png/5fa2dd/ffffff', true);
insert into "user" (id, name, username, email, password, image, banned) values (122, 'Meghan Bridges', 'mbridges33', 'mbridges33@hostgator.com', 'lQhEuoYVu8S', 'http://dummyimage.com/228x100.png/5fa2dd/ffffff', true);
insert into "user" (id, name, username, email, password, image, banned) values (123, 'Shelagh Audley', 'saudley34', 'saudley34@creativecommons.org', 'IkTvQK1w', 'http://dummyimage.com/250x100.png/cc0000/ffffff', true);
insert into "user" (id, name, username, email, password, image, banned) values (124, 'Ivar Stefi', 'istefi35', 'istefi35@chronoengine.com', 'i9yYpv28C', 'http://dummyimage.com/119x100.png/dddddd/000000', false);
insert into "user" (id, name, username, email, password, image, banned) values (125, 'Hunter Arlet', 'harlet36', 'harlet36@quantcast.com', '9o1F9LzuW', 'http://dummyimage.com/231x100.png/5fa2dd/ffffff', true);
insert into "user" (id, name, username, email, password, image, banned) values (126, 'Brendon Herreros', 'bherreros37', 'bherreros37@about.com', 'exx2t31An8', 'http://dummyimage.com/154x100.png/5fa2dd/ffffff', false);
insert into "user" (id, name, username, email, password, image, banned) values (127, 'Cherye Westerman', 'cwesterman38', 'cwesterman38@ovh.net', '0cJ49LcIuq5d', 'http://dummyimage.com/228x100.png/dddddd/000000', true);
insert into "user" (id, name, username, email, password, image, banned) values (128, 'Griselda Hackey', 'ghackey39', 'ghackey39@opensource.org', 'kwnmH46aaC6', 'http://dummyimage.com/174x100.png/cc0000/ffffff', true);
insert into "user" (id, name, username, email, password, image, banned) values (129, 'Starla Dudeney', 'sdudeney3a', 'sdudeney3a@barnesandnoble.com', 'Mza1PtVE8g', 'http://dummyimage.com/184x100.png/dddddd/000000', false);
insert into "user" (id, name, username, email, password, image, banned) values (130, 'Ros Chivers', 'rchivers3b', 'rchivers3b@dot.gov', 'yS87Aa', 'http://dummyimage.com/222x100.png/5fa2dd/ffffff', true);
insert into "user" (id, name, username, email, password, image, banned) values (131, 'Audie Hanrahan', 'ahanrahan3c', 'ahanrahan3c@hp.com', 'G7Aiul', 'http://dummyimage.com/208x100.png/5fa2dd/ffffff', false);
insert into "user" (id, name, username, email, password, image, banned) values (132, 'Lyndell Cumpsty', 'lcumpsty3d', 'lcumpsty3d@odnoklassniki.ru', 'VnG3Smz', 'http://dummyimage.com/188x100.png/ff4444/ffffff', true);
insert into "user" (id, name, username, email, password, image, banned) values (133, 'Murray Hawsby', 'mhawsby3e', 'mhawsby3e@angelfire.com', 'RRuDjiqe', 'http://dummyimage.com/229x100.png/dddddd/000000', true);
insert into "user" (id, name, username, email, password, image, banned) values (134, 'Hadleigh Soper', 'hsoper3f', 'hsoper3f@etsy.com', 'ZXMFGFfwZ', 'http://dummyimage.com/210x100.png/cc0000/ffffff', true);
insert into "user" (id, name, username, email, password, image, banned) values (135, 'Christiana Jeandet', 'cjeandet3g', 'cjeandet3g@discuz.net', 'QP2KDD', 'http://dummyimage.com/231x100.png/dddddd/000000', true);
insert into "user" (id, name, username, email, password, image, banned) values (136, 'Bonnie Penylton', 'bpenylton3h', 'bpenylton3h@noaa.gov', '7tiQ9F', 'http://dummyimage.com/152x100.png/ff4444/ffffff', true);
insert into "user" (id, name, username, email, password, image, banned) values (137, 'Godfree Hammonds', 'ghammonds3i', 'ghammonds3i@google.nl', '3p4wn4QCxmh', 'http://dummyimage.com/212x100.png/ff4444/ffffff', false);
insert into "user" (id, name, username, email, password, image, banned) values (138, 'Christi Ferries', 'cferries3j', 'cferries3j@goodreads.com', 'r4DIB99', 'http://dummyimage.com/209x100.png/cc0000/ffffff', true);
insert into "user" (id, name, username, email, password, image, banned) values (139, 'Darrelle Fellibrand', 'dfellibrand3k', 'dfellibrand3k@reverbnation.com', 'aXKE3LeavfP', 'http://dummyimage.com/133x100.png/cc0000/ffffff', false);
insert into "user" (id, name, username, email, password, image, banned) values (140, 'Cristiano Whithorn', 'cwhithorn3l', 'cwhithorn3l@omniture.com', 'aqqL5vNxx', 'http://dummyimage.com/237x100.png/ff4444/ffffff', true);
insert into "user" (id, name, username, email, password, image, banned) values (141, 'Cole Ream', 'cream3m', 'cream3m@1und1.de', 'pxUO9np', 'http://dummyimage.com/200x100.png/5fa2dd/ffffff', false);
insert into "user" (id, name, username, email, password, image, banned) values (142, 'Randell Edgson', 'redgson3n', 'redgson3n@japanpost.jp', 'jpYGlUmwiSNM', 'http://dummyimage.com/237x100.png/cc0000/ffffff', false);
insert into "user" (id, name, username, email, password, image, banned) values (143, 'Bondon Umpleby', 'bumpleby3o', 'bumpleby3o@pen.io', 'N0g30VG5FEo', 'http://dummyimage.com/237x100.png/dddddd/000000', false);
insert into "user" (id, name, username, email, password, image, banned) values (144, 'Derward Drinkwater', 'ddrinkwater3p', 'ddrinkwater3p@utexas.edu', 'EbmCNdKK9', 'http://dummyimage.com/172x100.png/5fa2dd/ffffff', false);
insert into "user" (id, name, username, email, password, image, banned) values (145, 'Worthington Beange', 'wbeange3q', 'wbeange3q@telegraph.co.uk', 'D7an2a5u', 'http://dummyimage.com/146x100.png/dddddd/000000', true);
insert into "user" (id, name, username, email, password, image, banned) values (146, 'Adham Blinkhorn', 'ablinkhorn3r', 'ablinkhorn3r@mayoclinic.com', '46O8BvMRptdM', 'http://dummyimage.com/195x100.png/ff4444/ffffff', true);
insert into "user" (id, name, username, email, password, image, banned) values (147, 'Andrea Helliker', 'ahelliker3s', 'ahelliker3s@alexa.com', 'ShXnNQVHvV', 'http://dummyimage.com/101x100.png/dddddd/000000', true);
insert into "user" (id, name, username, email, password, image, banned) values (148, 'Eben Duffitt', 'eduffitt3t', 'eduffitt3t@yahoo.com', 'vi2qfp2f', 'http://dummyimage.com/194x100.png/dddddd/000000', true);
insert into "user" (id, name, username, email, password, image, banned) values (149, 'Karlis Blacket', 'kblacket3u', 'kblacket3u@cargocollective.com', 'JvG9beCuBZ', 'http://dummyimage.com/202x100.png/5fa2dd/ffffff', true);
insert into "user" (id, name, username, email, password, image, banned) values (150, 'Enrichetta Laurenz', 'elaurenz3v', 'elaurenz3v@amazon.com', 'dHn1eRW', 'http://dummyimage.com/140x100.png/dddddd/000000', false);
insert into "user" (id, name, username, email, password, image, banned) values (151, 'Thorstein Goschalk', 'tgoschalk3w', 'tgoschalk3w@networkadvertising.org', 'eUugnHpdcm', 'http://dummyimage.com/196x100.png/ff4444/ffffff', false);
insert into "user" (id, name, username, email, password, image, banned) values (152, 'Eleen McQuaide', 'emcquaide3x', 'emcquaide3x@theglobeandmail.com', 'LkRdsLjla3', 'http://dummyimage.com/224x100.png/ff4444/ffffff', true);
insert into "user" (id, name, username, email, password, image, banned) values (153, 'Leif Lawlee', 'llawlee3y', 'llawlee3y@ihg.com', 'XCSXIdS2QZ', 'http://dummyimage.com/188x100.png/5fa2dd/ffffff', true);
insert into "user" (id, name, username, email, password, image, banned) values (154, 'Farr Edgeson', 'fedgeson3z', 'fedgeson3z@theatlantic.com', 'lG3r4zN63A', 'http://dummyimage.com/201x100.png/ff4444/ffffff', false);
insert into "user" (id, name, username, email, password, image, banned) values (155, 'Fanechka Marians', 'fmarians40', 'fmarians40@sitemeter.com', 'Pou9Ybj', 'http://dummyimage.com/112x100.png/cc0000/ffffff', false);
insert into "user" (id, name, username, email, password, image, banned) values (156, 'Allayne Bartholomew', 'abartholomew41', 'abartholomew41@earthlink.net', '7TzVWXbZ2KH2', 'http://dummyimage.com/130x100.png/dddddd/000000', true);
insert into "user" (id, name, username, email, password, image, banned) values (157, 'Wynn MacElholm', 'wmacelholm42', 'wmacelholm42@hugedomains.com', 'Ia5hmrnB', 'http://dummyimage.com/194x100.png/dddddd/000000', true);
insert into "user" (id, name, username, email, password, image, banned) values (158, 'Alyosha Vynarde', 'avynarde43', 'avynarde43@about.me', 'qnXRe3', 'http://dummyimage.com/134x100.png/cc0000/ffffff', true);
insert into "user" (id, name, username, email, password, image, banned) values (159, 'Zandra Gillbe', 'zgillbe44', 'zgillbe44@ask.com', 'R4NwYUAZH', 'http://dummyimage.com/128x100.png/ff4444/ffffff', false);
insert into "user" (id, name, username, email, password, image, banned) values (160, 'Wright Cobbing', 'wcobbing45', 'wcobbing45@cafepress.com', 'G4LSUWir', 'http://dummyimage.com/146x100.png/ff4444/ffffff', false);

insert into Colour (id, name) values (1, 'Mauv');
insert into Colour (id, name) values (2, 'Puce');
insert into Colour (id, name) values (3, 'Aquamarine');
insert into Colour (id, name) values (4, 'Red');
insert into Colour (id, name) values (5, 'Indigo');
insert into Colour (id, name) values (6, 'Pink');
insert into Colour (id, name) values (7, 'Khaki');
insert into Colour (id, name) values (8, 'Pink');
insert into Colour (id, name) values (9, 'Violet');
insert into Colour (id, name) values (10, 'Orange');
insert into Colour (id, name) values (11, 'Crimson');
insert into Colour (id, name) values (12, 'Blue');
insert into Colour (id, name) values (13, 'Red');
insert into Colour (id, name) values (14, 'Green');
insert into Colour (id, name) values (15, 'Teal');

insert into Brand (id, name) values (1, 'Ferrari'); 
insert into Brand (id, name) values (2, 'Bugatti');
insert into Brand (id, name) values (3, 'Lamborghini');
insert into Brand (id, name) values (4, 'Bentley');
insert into Brand (id, name) values (5, 'Pagani');
insert into Brand (id, name) values (6, 'BMW');
insert into Brand (id, name) values (7, 'Mercedes');
insert into Brand (id, name) values (8, 'Audi');
insert into Brand (id, name) values (9, 'Citroen');
insert into Brand (id, name) values (10, 'Alfa Romeo');

insert into Auction (id, title, description, startingPrice, startDate, finalDate, buyNow, scaleType, brandID, colourID, sellerID) values (1, 'Ferrari', 'sit amet turpis elementum ligula vehicula consequat morbi a ipsum integer a nibh in quis justo maecenas rhoncus', 82, '2021-05-12 03:06:38', '2021-05-25 04:12:56', null, '1:64', 1, 1, 82);
insert into Auction (id, title, description, startingPrice, startDate, finalDate, buyNow, scaleType, brandID, colourID, sellerID) values (2, 'Pontiac', 'ut dolor morbi vel lectus in quam fringilla rhoncus mauris enim leo rhoncus sed vestibulum sit', 766, '2021-05-11 10:12:35', '2021-05-24 07:20:59', null, '1:43', 5, 2, 80);
insert into Auction (id, title, description, startingPrice, startDate, finalDate, buyNow, scaleType, brandID, colourID, sellerID) values (3, 'Nissan', 'vestibulum ante ipsum primis in faucibus orci luctus et ultrices posuere cubilia curae donec pharetra magna vestibulum aliquet ultrices erat', 309, '2021-05-16 06:50:23', '2021-06-12 15:33:50', 2616, '1:18', 2, 4, 142);
insert into Auction (id, title, description, startingPrice, startDate, finalDate, buyNow, scaleType, brandID, colourID, sellerID) values (4, 'Alfa Romeo', 'enim in tempor turpis nec euismod scelerisque quam turpis adipiscing lorem vitae', 231, '2021-04-27 10:08:46', '2021-06-06 14:13:49', null, '1:64', 2, 10, 55);
insert into Auction (id, title, description, startingPrice, startDate, finalDate, buyNow, scaleType, brandID, colourID, sellerID) values (5, 'Mazda', 'viverra dapibus nulla suscipit ligula in lacus curabitur at ipsum ac tellus semper interdum mauris ullamcorper purus', 777, '2021-05-18 10:57:24', '2021-05-29 15:06:44', null, '1:64', 1, 9, 89);
insert into Auction (id, title, description, startingPrice, startDate, finalDate, buyNow, scaleType, brandID, colourID, sellerID) values (6, 'Bentley', 'ipsum dolor sit amet consectetuer adipiscing elit proin interdum mauris non ligula pellentesque', 688, '2021-05-11 11:10:10', '2021-06-18 21:02:29', null, '1:43', 1, 2, 146);
insert into Auction (id, title, description, startingPrice, startDate, finalDate, buyNow, scaleType, brandID, colourID, sellerID) values (7, 'Mazda', 'posuere metus vitae ipsum aliquam non mauris morbi non lectus aliquam sit amet diam', 866, '2021-04-29 14:53:44', '2021-05-24 23:53:59', null, '1:64', 7, 6, 75);
insert into Auction (id, title, description, startingPrice, startDate, finalDate, buyNow, scaleType, brandID, colourID, sellerID) values (8, 'Mercury', 'id lobortis convallis tortor risus dapibus augue vel accumsan tellus nisi eu orci mauris lacinia sapien quis libero nullam sit', 679, '2021-05-13 21:28:52', '2021-06-13 20:54:04', 2807, '1:8', 3, 11, 31);
insert into Auction (id, title, description, startingPrice, startDate, finalDate, buyNow, scaleType, brandID, colourID, sellerID) values (9, 'Mercedes-Benz', 'ultrices libero non mattis pulvinar nulla pede ullamcorper augue a suscipit nulla elit ac nulla sed', 735, '2021-05-07 14:03:41', '2021-06-12 19:24:41', null, '1:43', 5, 4, 46);
insert into Auction (id, title, description, startingPrice, startDate, finalDate, buyNow, scaleType, brandID, colourID, sellerID) values (10, 'Dodge', 'vitae nisi nam ultrices libero non mattis pulvinar nulla pede ullamcorper', 824, '2021-05-21 00:26:32', '2021-06-08 05:55:36', 2107, '1:64', 4, 3, 43);
insert into Auction (id, title, description, startingPrice, startDate, finalDate, buyNow, scaleType, brandID, colourID, sellerID) values (11, 'Austin', 'nascetur ridiculus mus vivamus vestibulum sagittis sapien cum sociis natoque penatibus et magnis dis', 554, '2021-05-12 12:28:13', '2021-06-13 13:57:58', 2810, '1:18', 3, 12, 93);
insert into Auction (id, title, description, startingPrice, startDate, finalDate, buyNow, scaleType, brandID, colourID, sellerID) values (12, 'Ford', 'dui vel sem sed sagittis nam congue risus semper porta volutpat quam', 181, '2021-05-16 06:59:54', '2021-05-29 17:02:18', null, '1:43', 8, 3, 74);
insert into Auction (id, title, description, startingPrice, startDate, finalDate, buyNow, scaleType, brandID, colourID, sellerID) values (13, 'Nissan', 'nullam porttitor lacus at turpis donec posuere metus vitae ipsum aliquam non mauris', 746, '2021-04-29 16:07:57', '2021-05-31 19:16:36', null, '1:64', 2, 11, 98);
insert into Auction (id, title, description, startingPrice, startDate, finalDate, buyNow, scaleType, brandID, colourID, sellerID) values (14, 'Chevrolet', 'nec nisi vulputate nonummy maecenas tincidunt lacus at velit vivamus vel nulla', 972, '2021-04-26 21:14:52', '2021-06-13 07:14:37', 4637, '1:18', 9, 6, 15);
insert into Auction (id, title, description, startingPrice, startDate, finalDate, buyNow, scaleType, brandID, colourID, sellerID) values (15, 'Pontiac', 'adipiscing lorem vitae mattis nibh ligula nec sem duis aliquam convallis', 382, '2021-05-19 11:36:52', '2021-05-29 13:47:55', 1870, '1:8', 9, 6, 146);
insert into Auction (id, title, description, startingPrice, startDate, finalDate, buyNow, scaleType, brandID, colourID, sellerID) values (16, 'Hummer', 'et eros vestibulum ac est lacinia nisi venenatis tristique fusce congue diam id ornare imperdiet', 882, '2021-05-10 20:30:35', '2021-06-08 21:26:50', 2792, '1:64', 8, 13, 77);
insert into Auction (id, title, description, startingPrice, startDate, finalDate, buyNow, scaleType, brandID, colourID, sellerID) values (17, 'Kia', 'placerat ante nulla justo aliquam quis turpis eget elit sodales scelerisque mauris sit amet eros suspendisse accumsan', 519, '2021-05-14 15:36:09', '2021-06-08 00:00:35', null, '1:64', 4, 3, 147);
insert into Auction (id, title, description, startingPrice, startDate, finalDate, buyNow, scaleType, brandID, colourID, sellerID) values (18, 'Volkswagen', 'tortor sollicitudin mi sit amet lobortis sapien sapien non mi', 370, '2021-05-16 04:46:16', '2021-05-24 07:50:01', null, '1:43', 6, 10, 69);
insert into Auction (id, title, description, startingPrice, startDate, finalDate, buyNow, scaleType, brandID, colourID, sellerID) values (19, 'Mazda', 'in quam fringilla rhoncus mauris enim leo rhoncus sed vestibulum sit amet cursus id turpis integer', 979, '2021-05-13 12:22:45', '2021-06-11 10:16:26', 4786, '1:43', 10, 2, 20);
insert into Auction (id, title, description, startingPrice, startDate, finalDate, buyNow, scaleType, brandID, colourID, sellerID) values (20, 'Chevrolet', 'sed sagittis nam congue risus semper porta volutpat quam pede lobortis ligula sit amet eleifend', 176, '2021-05-19 01:20:07', '2021-06-15 00:50:16', 1694, '1:18', 8, 13, 120);

insert into Image (id, url, auctionID) values (1, 'https://mrcollection.com/wp-content/uploads/2018/07/ferrari-portofino-giallo_01.jpg',1);
insert into Image (id, url, auctionID) values (2, 'https://mrcollection.com/wp-content/uploads/2018/07/ferrari-portofino-giallo_02.jpg',1);
insert into Image (id, url, auctionID) values (3, 'https://mrcollection.com/wp-content/uploads/2018/07/ferrari-portofino-giallo_03.jpg',1);
insert into Image (id, url, auctionID) values (4, 'https://mrcollection.com/wp-content/uploads/2018/07/ferrari-portofino-giallo_04.jpg',1);
insert into Image (id, url, auctionID) values (5, 'https://mrcollection.com/wp-content/uploads/2018/07/ferrari-portofino-giallo_05.jpg',1);
insert into Image (id, url, auctionID) values (6, 'https://mrcollection.com/wp-content/uploads/2018/07/ferrari-portofino-giallo_06.jpg',1);
insert into Image (id, url, auctionID) values (7, 'https://mrcollection.com/wp-content/uploads/2018/07/ferrari-portofino-giallo_07.jpg',1);

insert into Image (id, url, auctionID) values (8, 'https://mrcollection.com/wp-content/uploads/2016/08/bugatti-chiron-black_01.jpg',2);
insert into Image (id, url, auctionID) values (9, 'https://mrcollection.com/wp-content/uploads/2016/08/bugatti-chiron-black_02.jpg',2);
insert into Image (id, url, auctionID) values (10, 'https://mrcollection.com/wp-content/uploads/2016/08/bugatti-chiron-black_03.jpg',2);
insert into Image (id, url, auctionID) values (11, 'https://mrcollection.com/wp-content/uploads/2016/08/bugatti-chiron-black_04.jpg',2);
insert into Image (id, url, auctionID) values (12, 'https://mrcollection.com/wp-content/uploads/2016/08/bugatti-chiron-black_05.jpg',2);
insert into Image (id, url, auctionID) values (13, 'https://mrcollection.com/wp-content/uploads/2016/08/bugatti-chiron-black_06.jpg',2);
insert into Image (id, url, auctionID) values (14, 'https://mrcollection.com/wp-content/uploads/2016/08/bugatti-chiron-black_07.jpg',2);

insert into Image (id, url, auctionID) values (15, 'https://mrcollection.com/wp-content/uploads/2017/09/ferrari-812-superfast-rosso-scuderia_01.jpg',3);
insert into Image (id, url, auctionID) values (16, 'https://mrcollection.com/wp-content/uploads/2017/09/ferrari-812-superfast-rosso-scuderia_02.jpg',3);
insert into Image (id, url, auctionID) values (17, 'https://mrcollection.com/wp-content/uploads/2017/09/ferrari-812-superfast-rosso-scuderia_03.jpg',3);
insert into Image (id, url, auctionID) values (18, 'https://mrcollection.com/wp-content/uploads/2017/09/ferrari-812-superfast-rosso-scuderia_04.jpg',3);
insert into Image (id, url, auctionID) values (19, 'https://mrcollection.com/wp-content/uploads/2017/09/ferrari-812-superfast-rosso-scuderia_05.jpg',3);
insert into Image (id, url, auctionID) values (20, 'https://mrcollection.com/wp-content/uploads/2017/09/ferrari-812-superfast-rosso-scuderia_06.jpg',3);
insert into Image (id, url, auctionID) values (21, 'https://mrcollection.com/wp-content/uploads/2017/09/ferrari-812-superfast-rosso-scuderia_07.jpg',3);

insert into Image (id, url, auctionID) values (15, 'https://mrcollection.com/wp-content/uploads/2016/10/ferrari-laferrari-aperta-gray01.jpg',4);
insert into Image (id, url, auctionID) values (16, 'https://mrcollection.com/wp-content/uploads/2016/10/ferrari-laferrari-aperta-gray01.jpg',4);
insert into Image (id, url, auctionID) values (17, 'https://mrcollection.com/wp-content/uploads/2016/10/ferrari-laferrari-aperta-gray01.jpg',4);
insert into Image (id, url, auctionID) values (18, 'https://mrcollection.com/wp-content/uploads/2016/10/ferrari-laferrari-aperta-gray01.jpg',4);
insert into Image (id, url, auctionID) values (19, 'https://mrcollection.com/wp-content/uploads/2016/10/ferrari-laferrari-aperta-gray01.jpg',4);
insert into Image (id, url, auctionID) values (20, 'https://mrcollection.com/wp-content/uploads/2016/10/ferrari-laferrari-aperta-gray01.jpg',4);
insert into Image (id, url, auctionID) values (21, 'https://mrcollection.com/wp-content/uploads/2016/10/ferrari-laferrari-aperta-gray01.jpg',4);

insert into Image (id, url, auctionID) values (22, 'https://mrcollection.com/wp-content/uploads/2016/06/ferrari-f12tdf-blu_01.jpg',5);
insert into Image (id, url, auctionID) values (23, 'https://mrcollection.com/wp-content/uploads/2016/06/ferrari-f12tdf-blu_02.jpg',5);
insert into Image (id, url, auctionID) values (24, 'https://mrcollection.com/wp-content/uploads/2016/06/ferrari-f12tdf-blu_03.jpg',5);
insert into Image (id, url, auctionID) values (25, 'https://mrcollection.com/wp-content/uploads/2016/06/ferrari-f12tdf-blu_04.jpg',5);
insert into Image (id, url, auctionID) values (26, 'https://mrcollection.com/wp-content/uploads/2016/06/ferrari-f12tdf-blu_05.jpg',5);
insert into Image (id, url, auctionID) values (27, 'https://mrcollection.com/wp-content/uploads/2016/06/ferrari-f12tdf-blu_06.jpg',5);

insert into Image (id, url, auctionID) values (28, 'https://mrcollection.com/wp-content/uploads/2015/11/ferrari_488_spider_scale_1_18_fe017-1.jpg',6);
insert into Image (id, url, auctionID) values (29, 'https://mrcollection.com/wp-content/uploads/2015/11/ferrari_488_spider_scale_1_18_fe017-2.jpg',6);
insert into Image (id, url, auctionID) values (30, 'https://mrcollection.com/wp-content/uploads/2015/11/ferrari_488_spider_scale_1_18_fe017-3.jpg',6);
insert into Image (id, url, auctionID) values (31, 'https://mrcollection.com/wp-content/uploads/2015/11/ferrari_488_spider_scale_1_18_fe017-4.jpg',6);
insert into Image (id, url, auctionID) values (32, 'https://mrcollection.com/wp-content/uploads/2015/11/ferrari_488_spider_scale_1_18_fe017-5.jpg',6);
insert into Image (id, url, auctionID) values (33, 'https://mrcollection.com/wp-content/uploads/2015/11/ferrari_488_spider_scale_1_18_fe017-6.jpg',6);
insert into Image (id, url, auctionID) values (34, 'https://mrcollection.com/wp-content/uploads/2015/11/ferrari_488_spider_scale_1_18_fe017-7.jpg',6);

insert into Image (id, url, auctionID) values (35, 'https://mrcollection.com/wp-content/uploads/2018/01/lamborghini-centenario-roadster-black_01.jpg',7);
insert into Image (id, url, auctionID) values (36, 'https://mrcollection.com/wp-content/uploads/2018/01/lamborghini-centenario-roadster-black_02.jpg',7);
insert into Image (id, url, auctionID) values (37, 'https://mrcollection.com/wp-content/uploads/2018/01/lamborghini-centenario-roadster-black_03.jpg',7);
insert into Image (id, url, auctionID) values (38, 'https://mrcollection.com/wp-content/uploads/2018/01/lamborghini-centenario-roadster-black_04.jpg',7);
insert into Image (id, url, auctionID) values (39, 'https://mrcollection.com/wp-content/uploads/2018/01/lamborghini-centenario-roadster-black_05.jpg',7);
insert into Image (id, url, auctionID) values (40, 'https://mrcollection.com/wp-content/uploads/2018/01/lamborghini-centenario-roadster-black_06.jpg',7);
insert into Image (id, url, auctionID) values (41, 'https://mrcollection.com/wp-content/uploads/2018/01/lamborghini-centenario-roadster-black_07.jpg',7);

insert into Image (id, url, auctionID) values (42, 'https://mrcollection.com/wp-content/uploads/2017/02/lamborghini-aventador-s-blue_01.jpg',8);
insert into Image (id, url, auctionID) values (43, 'https://mrcollection.com/wp-content/uploads/2017/02/lamborghini-aventador-s-blue_02.jpg',8);
insert into Image (id, url, auctionID) values (44, 'https://mrcollection.com/wp-content/uploads/2017/02/lamborghini-aventador-s-blue_03.jpg',8);
insert into Image (id, url, auctionID) values (45, 'https://mrcollection.com/wp-content/uploads/2017/02/lamborghini-aventador-s-blue_04.jpg',8);
insert into Image (id, url, auctionID) values (46, 'https://mrcollection.com/wp-content/uploads/2017/02/lamborghini-aventador-s-blue_05.jpg',8);
insert into Image (id, url, auctionID) values (47, 'https://mrcollection.com/wp-content/uploads/2017/02/lamborghini-aventador-s-blue_06.jpg',8);
insert into Image (id, url, auctionID) values (48, 'https://mrcollection.com/wp-content/uploads/2017/02/lamborghini-aventador-s-blue_07.jpg',8);

insert into Image (id, url, auctionID) values (49, 'https://mrcollection.com/wp-content/uploads/2017/10/bentley-new-continental-gt-01.jpg',9);
insert into Image (id, url, auctionID) values (50, 'https://mrcollection.com/wp-content/uploads/2017/10/bentley-new-continental-gt-02.jpg',9);
insert into Image (id, url, auctionID) values (51, 'https://mrcollection.com/wp-content/uploads/2017/10/bentley-new-continental-gt-03.jpg',9);

insert into Image (id, url, auctionID) values (52, 'https://mrcollection.com/wp-content/uploads/2017/10/lamborghini-performante-yellow_01.jpg',10);
insert into Image (id, url, auctionID) values (53, 'https://mrcollection.com/wp-content/uploads/2017/10/lamborghini-performante-yellow_02.jpg',10);
insert into Image (id, url, auctionID) values (54, 'https://mrcollection.com/wp-content/uploads/2017/10/lamborghini-performante-yellow_03.jpg',10);
insert into Image (id, url, auctionID) values (55, 'https://mrcollection.com/wp-content/uploads/2017/10/lamborghini-performante-yellow_04.jpg',10);
insert into Image (id, url, auctionID) values (56, 'https://mrcollection.com/wp-content/uploads/2017/10/lamborghini-performante-yellow_05.jpg',10);
insert into Image (id, url, auctionID) values (57, 'https://mrcollection.com/wp-content/uploads/2017/10/lamborghini-performante-yellow_06.jpg',10);
insert into Image (id, url, auctionID) values (58, 'https://mrcollection.com/wp-content/uploads/2017/10/lamborghini-performante-yellow_07.jpg',10);

insert into Image (id, url, auctionID) values (59, 'https://mrcollection.com/wp-content/uploads/2018/07/ferrari-portofino-azzurro_01.jpg',11);
insert into Image (id, url, auctionID) values (60, 'https://mrcollection.com/wp-content/uploads/2018/07/ferrari-portofino-azzurro_02.jpg',11);
insert into Image (id, url, auctionID) values (61, 'https://mrcollection.com/wp-content/uploads/2018/07/ferrari-portofino-azzurro_03.jpg',11);
insert into Image (id, url, auctionID) values (62, 'https://mrcollection.com/wp-content/uploads/2018/07/ferrari-portofino-azzurro_04.jpg',11);
insert into Image (id, url, auctionID) values (63, 'https://mrcollection.com/wp-content/uploads/2018/07/ferrari-portofino-azzurro_05.jpg',11);
insert into Image (id, url, auctionID) values (64, 'https://mrcollection.com/wp-content/uploads/2018/07/ferrari-portofino-azzurro_06.jpg',11);
insert into Image (id, url, auctionID) values (65, 'https://mrcollection.com/wp-content/uploads/2018/07/ferrari-portofino-azzurro_07.jpg',11);

insert into Image (id, url, auctionID) values (66, 'https://mrcollection.com/wp-content/uploads/2015/07/Lamborghini-Aventador-J_28.jpg',12);
insert into Image (id, url, auctionID) values (67, 'https://mrcollection.com/wp-content/uploads/2015/07/Lamborghini-Aventador-J_29.jpg',12);
insert into Image (id, url, auctionID) values (68, 'https://mrcollection.com/wp-content/uploads/2015/07/Lamborghini-Aventador-J_23.jpg',12);
insert into Image (id, url, auctionID) values (69, 'https://mrcollection.com/wp-content/uploads/2015/07/Lamborghini-Aventador-J_24.jpg',12);
insert into Image (id, url, auctionID) values (70, 'https://mrcollection.com/wp-content/uploads/2015/07/Lamborghini-Aventador-J_25.jpg',12);
insert into Image (id, url, auctionID) values (71, 'https://mrcollection.com/wp-content/uploads/2015/07/Lamborghini-Aventador-J_26.jpg',12);
insert into Image (id, url, auctionID) values (72, 'https://mrcollection.com/wp-content/uploads/2015/07/Lamborghini-Aventador-J_27.jpg',12);

insert into Image (id, url, auctionID) values (73, 'https://mrcollection.com/wp-content/uploads/2017/02/pagani-huayra-roadster_01.jpg',13);
insert into Image (id, url, auctionID) values (74, 'https://mrcollection.com/wp-content/uploads/2017/02/pagani-huayra-roadster_02.jpg',13);
insert into Image (id, url, auctionID) values (75, 'https://mrcollection.com/wp-content/uploads/2017/02/pagani-huayra-roadster_03.jpg',13);
insert into Image (id, url, auctionID) values (76, 'https://mrcollection.com/wp-content/uploads/2017/02/pagani-huayra-roadster_04.jpg',13);
insert into Image (id, url, auctionID) values (77, 'https://mrcollection.com/wp-content/uploads/2017/02/pagani-huayra-roadster_05.jpg',13);
insert into Image (id, url, auctionID) values (78, 'https://mrcollection.com/wp-content/uploads/2017/02/pagani-huayra-roadster_06.jpg',13);
insert into Image (id, url, auctionID) values (79, 'https://mrcollection.com/wp-content/uploads/2017/02/pagani-huayra-roadster_07.jpg',13);

insert into Image (id, url, auctionID) values (80, 'https://wallpaperaccess.com/full/2014186.jpg',14);
insert into Image (id, url, auctionID) values (81, 'https://wallpaperaccess.com/full/2014211.jpg',14);
insert into Image (id, url, auctionID) values (82, 'https://www.hdcarwallpapers.com/download/alfa_romeo_c38_formula_1_2019_4k_8k_3-3840x2160.jpg',14);
insert into Image (id, url, auctionID) values (83, 'https://wallpaperpure.net/wp-content/uploads/2018/07/98db488fabbe55f09867c48e0a81e621.jpeg',14);

insert into Image (id, url, auctionID) values (84, 'https://thumbs.dreamstime.com/b/um-carro-%C3%A9pico-de-citroen-cv-108609598.jpg',15);
insert into Image (id, url, auctionID) values (85, 'https://thumbs.dreamstime.com/b/profile-od-citroen-cv-two-horses-power-toy-car-isolated-against-white-background-epic-rear-citroen-cv-car-108613673.jpg',15);
insert into Image (id, url, auctionID) values (86, 'https://thumbs.dreamstime.com/b/da-epopeia-um-carro-de-citroen-cv-para-tr%C3%A1s-108802926.jpg',15);

insert into Image (id, url, auctionID) values (87, 'https://www.bmw.pt/content/dam/bmw/common/all-models/i-series/i4/landingpage/bmw-i4-mini-landingpage-ms-01.jpg/_jcr_content/renditions/cq5dam.resized.img.585.low.time1615557676860.jpg',16);
insert into Image (id, url, auctionID) values (88, 'https://www.bmw.pt/content/dam/bmw/common/all-models/i-series/i4/landingpage/bmw-i4-mini-landingpage-ms-02.jpg/_jcr_content/renditions/cq5dam.resized.img.585.low.time1615557677213.jpg',16);
insert into Image (id, url, auctionID) values (89, 'https://www.bmw.pt/content/dam/bmw/common/all-models/i-series/i4/landingpage/bmw-i4-mini-landingpage-ms-03.jpg/_jcr_content/renditions/cq5dam.resized.img.585.low.time1615557677658.jpg',16);
insert into Image (id, url, auctionID) values (90, 'https://www.bmw.pt/content/dam/bmw/common/all-models/i-series/i4/landingpage/bmw-i4-mini-landingpage-ms-04.jpg/_jcr_content/renditions/cq5dam.resized.img.585.low.time1615557677803.jpg',16);

insert into Image (id, url, auctionID) values (91, 'https://www.mercedes-benz.pt/passengercars/mercedes-benz-cars/models/a-class/hatchback-w177/amg/amg-equipment/_jcr_content/swipeableteaserbox/par/swipeableteaser/asset.MQ6.12.20190806161151.jpeg',17);
insert into Image (id, url, auctionID) values (92, 'https://www.mercedes-benz.pt/passengercars/mercedes-benz-cars/models/a-class/hatchback-w177/amg/amg-equipment/_jcr_content/swipeableteaserbox/par/swipeableteaser_1273306051/asset.MQ6.12.20190806161151.jpeg',17);
insert into Image (id, url, auctionID) values (93, 'https://www.mercedes-benz.pt/passengercars/mercedes-benz-cars/models/a-class/hatchback-w177/amg/amg-equipment/_jcr_content/swipeableteaserbox/par/swipeableteaser_1672679856/asset.MQ6.12.20190806161151.jpeg',17);

insert into Image (id, url, auctionID) values (94, 'https://www.audi.pt/content/dam/nemo/models/tt/tt-rs-roadster/my-2017/1920x1080-gallery/1920x1080_A162850_large.jpg?output-format=webp&downsize=1459px:*',18);
insert into Image (id, url, auctionID) values (95, 'https://www.audi.pt/content/dam/nemo/models/tt/tt-rs-roadster/my-2017/1920x1080-gallery/1920x1080_A162855_large.jpg?output-format=webp&downsize=1459px:*',18);
insert into Image (id, url, auctionID) values (96, 'https://www.audi.pt/content/dam/nemo/models/tt/tt-rs-roadster/my-2017/1920x1080-gallery/1920x1080_A162866_large.jpg?output-format=webp&downsize=1459px:*',18);

insert into Image (id, url, auctionID) values (97, 'https://mrcollection.com/wp-content/uploads/2015/08/Ferrari-599XX-Evo_017.jpg',19);
insert into Image (id, url, auctionID) values (98, 'https://mrcollection.com/wp-content/uploads/2015/08/Ferrari-599XX-Evo_027.jpg',19);

insert into Image (id, url, auctionID) values (99, 'https://mrcollection.com/wp-content/uploads/2015/08/Ferrari-F12-Berlinetta_0210.jpg',20);
insert into Image (id, url, auctionID) values (100, 'https://mrcollection.com/wp-content/uploads/2015/08/Ferrari-F12-Berlinetta_0110.jpg',20);

INSERT INTO FavouriteSeller (user1ID,user2ID) VALUES (123,60);
INSERT INTO FavouriteSeller (user1ID,user2ID) VALUES (22,153);
INSERT INTO FavouriteSeller (user1ID,user2ID) VALUES (56,112);
INSERT INTO FavouriteSeller (user1ID,user2ID) VALUES (31,71);
INSERT INTO FavouriteSeller (user1ID,user2ID) VALUES (73,64);
INSERT INTO FavouriteSeller (user1ID,user2ID) VALUES (143,60);
INSERT INTO FavouriteSeller (user1ID,user2ID) VALUES (87,109);
INSERT INTO FavouriteSeller (user1ID,user2ID) VALUES (98,84);
INSERT INTO FavouriteSeller (user1ID,user2ID) VALUES (117,99);
INSERT INTO FavouriteSeller (user1ID,user2ID) VALUES (143,35);
INSERT INTO FavouriteSeller (user1ID,user2ID) VALUES (152,70);
INSERT INTO FavouriteSeller (user1ID,user2ID) VALUES (86,47);
INSERT INTO FavouriteSeller (user1ID,user2ID) VALUES (28,78);
INSERT INTO FavouriteSeller (user1ID,user2ID) VALUES (16,55);
INSERT INTO FavouriteSeller (user1ID,user2ID) VALUES (80,114);
INSERT INTO FavouriteSeller (user1ID,user2ID) VALUES (70,28);
INSERT INTO FavouriteSeller (user1ID,user2ID) VALUES (52,107);
INSERT INTO FavouriteSeller (user1ID,user2ID) VALUES (84,64);
INSERT INTO FavouriteSeller (user1ID,user2ID) VALUES (12,103);
INSERT INTO FavouriteSeller (user1ID,user2ID) VALUES (24,113);
INSERT INTO FavouriteSeller (user1ID,user2ID) VALUES (76,54);
INSERT INTO FavouriteSeller (user1ID,user2ID) VALUES (25,55);
INSERT INTO FavouriteSeller (user1ID,user2ID) VALUES (104,140);
INSERT INTO FavouriteSeller (user1ID,user2ID) VALUES (70,18);
INSERT INTO FavouriteSeller (user1ID,user2ID) VALUES (118,86);
INSERT INTO FavouriteSeller (user1ID,user2ID) VALUES (62,23);
INSERT INTO FavouriteSeller (user1ID,user2ID) VALUES (61,46);
INSERT INTO FavouriteSeller (user1ID,user2ID) VALUES (38,141);
INSERT INTO FavouriteSeller (user1ID,user2ID) VALUES (92,108);
INSERT INTO FavouriteSeller (user1ID,user2ID) VALUES (82,94);
INSERT INTO FavouriteSeller (user1ID,user2ID) VALUES (18,95);
INSERT INTO FavouriteSeller (user1ID,user2ID) VALUES (154,14);
INSERT INTO FavouriteSeller (user1ID,user2ID) VALUES (113,19);
INSERT INTO FavouriteSeller (user1ID,user2ID) VALUES (156,59);
INSERT INTO FavouriteSeller (user1ID,user2ID) VALUES (107,120);
INSERT INTO FavouriteSeller (user1ID,user2ID) VALUES (20,119);
INSERT INTO FavouriteSeller (user1ID,user2ID) VALUES (149,25);
INSERT INTO FavouriteSeller (user1ID,user2ID) VALUES (130,34);
INSERT INTO FavouriteSeller (user1ID,user2ID) VALUES (24,82);
INSERT INTO FavouriteSeller (user1ID,user2ID) VALUES (86,12);
INSERT INTO FavouriteSeller (user1ID,user2ID) VALUES (107,76);
INSERT INTO FavouriteSeller (user1ID,user2ID) VALUES (107,22);
INSERT INTO FavouriteSeller (user1ID,user2ID) VALUES (15,22);
INSERT INTO FavouriteSeller (user1ID,user2ID) VALUES (67,154);
INSERT INTO FavouriteSeller (user1ID,user2ID) VALUES (119,112);
INSERT INTO FavouriteSeller (user1ID,user2ID) VALUES (56,28);
INSERT INTO FavouriteSeller (user1ID,user2ID) VALUES (88,43);
INSERT INTO FavouriteSeller (user1ID,user2ID) VALUES (148,78);
INSERT INTO FavouriteSeller (user1ID,user2ID) VALUES (158,102);
INSERT INTO FavouriteSeller (user1ID,user2ID) VALUES (14,23);
INSERT INTO FavouriteSeller (user1ID,user2ID) VALUES (135,39);
INSERT INTO FavouriteSeller (user1ID,user2ID) VALUES (81,151);
INSERT INTO FavouriteSeller (user1ID,user2ID) VALUES (42,67);
INSERT INTO FavouriteSeller (user1ID,user2ID) VALUES (119,76);
INSERT INTO FavouriteSeller (user1ID,user2ID) VALUES (139,135);
INSERT INTO FavouriteSeller (user1ID,user2ID) VALUES (14,139);
INSERT INTO FavouriteSeller (user1ID,user2ID) VALUES (147,158);
INSERT INTO FavouriteSeller (user1ID,user2ID) VALUES (27,145);
INSERT INTO FavouriteSeller (user1ID,user2ID) VALUES (142,18);
INSERT INTO FavouriteSeller (user1ID,user2ID) VALUES (101,131);
INSERT INTO FavouriteSeller (user1ID,user2ID) VALUES (127,148);
INSERT INTO FavouriteSeller (user1ID,user2ID) VALUES (30,25);
INSERT INTO FavouriteSeller (user1ID,user2ID) VALUES (64,70);
INSERT INTO FavouriteSeller (user1ID,user2ID) VALUES (27,152);
INSERT INTO FavouriteSeller (user1ID,user2ID) VALUES (68,94);
INSERT INTO FavouriteSeller (user1ID,user2ID) VALUES (99,49);
INSERT INTO FavouriteSeller (user1ID,user2ID) VALUES (12,13);
INSERT INTO FavouriteSeller (user1ID,user2ID) VALUES (45,60);
INSERT INTO FavouriteSeller (user1ID,user2ID) VALUES (63,15);
INSERT INTO FavouriteSeller (user1ID,user2ID) VALUES (120,122);
INSERT INTO FavouriteSeller (user1ID,user2ID) VALUES (80,55);
INSERT INTO FavouriteSeller (user1ID,user2ID) VALUES (22,60);
INSERT INTO FavouriteSeller (user1ID,user2ID) VALUES (117,66);
INSERT INTO FavouriteSeller (user1ID,user2ID) VALUES (137,56);
INSERT INTO FavouriteSeller (user1ID,user2ID) VALUES (142,136);
INSERT INTO FavouriteSeller (user1ID,user2ID) VALUES (28,49);
INSERT INTO FavouriteSeller (user1ID,user2ID) VALUES (144,77);
INSERT INTO FavouriteSeller (user1ID,user2ID) VALUES (23,116);
INSERT INTO FavouriteSeller (user1ID,user2ID) VALUES (58,111);
INSERT INTO FavouriteSeller (user1ID,user2ID) VALUES (96,142);
INSERT INTO FavouriteSeller (user1ID,user2ID) VALUES (35,23);
INSERT INTO FavouriteSeller (user1ID,user2ID) VALUES (26,62);
INSERT INTO FavouriteSeller (user1ID,user2ID) VALUES (62,12);
INSERT INTO FavouriteSeller (user1ID,user2ID) VALUES (155,92);
INSERT INTO FavouriteSeller (user1ID,user2ID) VALUES (116,112);
INSERT INTO FavouriteSeller (user1ID,user2ID) VALUES (124,145);
INSERT INTO FavouriteSeller (user1ID,user2ID) VALUES (68,23);
INSERT INTO FavouriteSeller (user1ID,user2ID) VALUES (72,98);
INSERT INTO FavouriteSeller (user1ID,user2ID) VALUES (131,91);
INSERT INTO FavouriteSeller (user1ID,user2ID) VALUES (64,125);
INSERT INTO FavouriteSeller (user1ID,user2ID) VALUES (136,152);
INSERT INTO FavouriteSeller (user1ID,user2ID) VALUES (53,93);
INSERT INTO FavouriteSeller (user1ID,user2ID) VALUES (18,128);
INSERT INTO FavouriteSeller (user1ID,user2ID) VALUES (83,81);
INSERT INTO FavouriteSeller (user1ID,user2ID) VALUES (41,79);
INSERT INTO FavouriteSeller (user1ID,user2ID) VALUES (32,138);
INSERT INTO FavouriteSeller (user1ID,user2ID) VALUES (106,130);
INSERT INTO FavouriteSeller (user1ID,user2ID) VALUES (84,113);
INSERT INTO FavouriteSeller (user1ID,user2ID) VALUES (64,14);
INSERT INTO FavouriteSeller (user1ID,user2ID) VALUES (133,57);

INSERT INTO FavouriteAuction (userID,auctionID) VALUES (151,15);
INSERT INTO FavouriteAuction (userID,auctionID) VALUES (135,2);
INSERT INTO FavouriteAuction (userID,auctionID) VALUES (124,6);
INSERT INTO FavouriteAuction (userID,auctionID) VALUES (90,8);
INSERT INTO FavouriteAuction (userID,auctionID) VALUES (88,11);
INSERT INTO FavouriteAuction (userID,auctionID) VALUES (138,5);
INSERT INTO FavouriteAuction (userID,auctionID) VALUES (100,12);
INSERT INTO FavouriteAuction (userID,auctionID) VALUES (123,5);
INSERT INTO FavouriteAuction (userID,auctionID) VALUES (99,10);
INSERT INTO FavouriteAuction (userID,auctionID) VALUES (17,8);
INSERT INTO FavouriteAuction (userID,auctionID) VALUES (160,7);
INSERT INTO FavouriteAuction (userID,auctionID) VALUES (115,4);
INSERT INTO FavouriteAuction (userID,auctionID) VALUES (134,11);
INSERT INTO FavouriteAuction (userID,auctionID) VALUES (82,14);
INSERT INTO FavouriteAuction (userID,auctionID) VALUES (98,14);
INSERT INTO FavouriteAuction (userID,auctionID) VALUES (126,18);
INSERT INTO FavouriteAuction (userID,auctionID) VALUES (130,5);
INSERT INTO FavouriteAuction (userID,auctionID) VALUES (142,20);
INSERT INTO FavouriteAuction (userID,auctionID) VALUES (57,18);
INSERT INTO FavouriteAuction (userID,auctionID) VALUES (24,3);
INSERT INTO FavouriteAuction (userID,auctionID) VALUES (148,8);
INSERT INTO FavouriteAuction (userID,auctionID) VALUES (94,17);
INSERT INTO FavouriteAuction (userID,auctionID) VALUES (20,1);
INSERT INTO FavouriteAuction (userID,auctionID) VALUES (12,14);
INSERT INTO FavouriteAuction (userID,auctionID) VALUES (11,5);
INSERT INTO FavouriteAuction (userID,auctionID) VALUES (145,14);
INSERT INTO FavouriteAuction (userID,auctionID) VALUES (52,4);
INSERT INTO FavouriteAuction (userID,auctionID) VALUES (61,6);
INSERT INTO FavouriteAuction (userID,auctionID) VALUES (12,19);
INSERT INTO FavouriteAuction (userID,auctionID) VALUES (149,12);
INSERT INTO FavouriteAuction (userID,auctionID) VALUES (135,20);
INSERT INTO FavouriteAuction (userID,auctionID) VALUES (72,4);
INSERT INTO FavouriteAuction (userID,auctionID) VALUES (81,18);
INSERT INTO FavouriteAuction (userID,auctionID) VALUES (81,12);
INSERT INTO FavouriteAuction (userID,auctionID) VALUES (37,4);
INSERT INTO FavouriteAuction (userID,auctionID) VALUES (94,5);
INSERT INTO FavouriteAuction (userID,auctionID) VALUES (105,13);
INSERT INTO FavouriteAuction (userID,auctionID) VALUES (49,15);
INSERT INTO FavouriteAuction (userID,auctionID) VALUES (114,5);
INSERT INTO FavouriteAuction (userID,auctionID) VALUES (151,4);
INSERT INTO FavouriteAuction (userID,auctionID) VALUES (56,12);
INSERT INTO FavouriteAuction (userID,auctionID) VALUES (140,9);
INSERT INTO FavouriteAuction (userID,auctionID) VALUES (53,11);
INSERT INTO FavouriteAuction (userID,auctionID) VALUES (15,15);
INSERT INTO FavouriteAuction (userID,auctionID) VALUES (141,13);
INSERT INTO FavouriteAuction (userID,auctionID) VALUES (47,20);
INSERT INTO FavouriteAuction (userID,auctionID) VALUES (49,8);
INSERT INTO FavouriteAuction (userID,auctionID) VALUES (158,18);
INSERT INTO FavouriteAuction (userID,auctionID) VALUES (48,6);
INSERT INTO FavouriteAuction (userID,auctionID) VALUES (108,4);
INSERT INTO FavouriteAuction (userID,auctionID) VALUES (60,14);
INSERT INTO FavouriteAuction (userID,auctionID) VALUES (127,5);
INSERT INTO FavouriteAuction (userID,auctionID) VALUES (134,10);
INSERT INTO FavouriteAuction (userID,auctionID) VALUES (63,17);
INSERT INTO FavouriteAuction (userID,auctionID) VALUES (69,6);
INSERT INTO FavouriteAuction (userID,auctionID) VALUES (79,4);
INSERT INTO FavouriteAuction (userID,auctionID) VALUES (147,20);
INSERT INTO FavouriteAuction (userID,auctionID) VALUES (160,13);
INSERT INTO FavouriteAuction (userID,auctionID) VALUES (122,11);
INSERT INTO FavouriteAuction (userID,auctionID) VALUES (47,13);
INSERT INTO FavouriteAuction (userID,auctionID) VALUES (146,15);
INSERT INTO FavouriteAuction (userID,auctionID) VALUES (70,17);
INSERT INTO FavouriteAuction (userID,auctionID) VALUES (53,5);
INSERT INTO FavouriteAuction (userID,auctionID) VALUES (136,17);
INSERT INTO FavouriteAuction (userID,auctionID) VALUES (135,16);
INSERT INTO FavouriteAuction (userID,auctionID) VALUES (131,15);
INSERT INTO FavouriteAuction (userID,auctionID) VALUES (149,17);
INSERT INTO FavouriteAuction (userID,auctionID) VALUES (137,19);
INSERT INTO FavouriteAuction (userID,auctionID) VALUES (144,11);
INSERT INTO FavouriteAuction (userID,auctionID) VALUES (132,13);
INSERT INTO FavouriteAuction (userID,auctionID) VALUES (17,16);
INSERT INTO FavouriteAuction (userID,auctionID) VALUES (141,12);
INSERT INTO FavouriteAuction (userID,auctionID) VALUES (76,12);
INSERT INTO FavouriteAuction (userID,auctionID) VALUES (55,15);
INSERT INTO FavouriteAuction (userID,auctionID) VALUES (83,13);
INSERT INTO FavouriteAuction (userID,auctionID) VALUES (125,1);
INSERT INTO FavouriteAuction (userID,auctionID) VALUES (41,16);
INSERT INTO FavouriteAuction (userID,auctionID) VALUES (51,6);
INSERT INTO FavouriteAuction (userID,auctionID) VALUES (71,12);
INSERT INTO FavouriteAuction (userID,auctionID) VALUES (149,6);
INSERT INTO FavouriteAuction (userID,auctionID) VALUES (96,14);
INSERT INTO FavouriteAuction (userID,auctionID) VALUES (46,18);
INSERT INTO FavouriteAuction (userID,auctionID) VALUES (61,9);
INSERT INTO FavouriteAuction (userID,auctionID) VALUES (40,18);
INSERT INTO FavouriteAuction (userID,auctionID) VALUES (110,20);
INSERT INTO FavouriteAuction (userID,auctionID) VALUES (94,18);
INSERT INTO FavouriteAuction (userID,auctionID) VALUES (38,17);
INSERT INTO FavouriteAuction (userID,auctionID) VALUES (30,15);
INSERT INTO FavouriteAuction (userID,auctionID) VALUES (106,10);
INSERT INTO FavouriteAuction (userID,auctionID) VALUES (152,15);
INSERT INTO FavouriteAuction (userID,auctionID) VALUES (92,16);
INSERT INTO FavouriteAuction (userID,auctionID) VALUES (150,20);
INSERT INTO FavouriteAuction (userID,auctionID) VALUES (98,17);
INSERT INTO FavouriteAuction (userID,auctionID) VALUES (27,14);
INSERT INTO FavouriteAuction (userID,auctionID) VALUES (98,7);
INSERT INTO FavouriteAuction (userID,auctionID) VALUES (39,12);
INSERT INTO FavouriteAuction (userID,auctionID) VALUES (39,10);
INSERT INTO FavouriteAuction (userID,auctionID) VALUES (95,10);
INSERT INTO FavouriteAuction (userID,auctionID) VALUES (143,5);
INSERT INTO FavouriteAuction (userID,auctionID) VALUES (47,5);

insert into HelpMessage (id, text, datehour, read, senderid, recipientid) values (1, 'ultrices posuere cubilia curae nulla dapibus dolor vel est donec odio justo', '2021-04-08 19:36:38', true, 155, 1);
insert into HelpMessage (id, text, datehour, read, senderid, recipientid) values (2, 'cras pellentesque volutpat dui maecenas tristique est et tempus semper est quam pharetra magna ac consequat', '2021-04-05 00:15:06' false, 35, 10);
insert into HelpMessage (id, text, datehour, read, senderid, recipientid) values (3, 'sapien iaculis congue vivamus metus arcu adipiscing molestie hendrerit at vulputate vitae nisl aenean lectus pellentesque eget nunc donec quis', '2021-04-07 07:47:16', true, 17, 4);
insert into HelpMessage (id, text, datehour, read, senderid, recipientid) values (4, 'vestibulum proin eu mi nulla ac enim in tempor turpis nec euismod scelerisque quam turpis adipiscing lorem vitae', 2021-04-04 18:41:48, true, 137, 2);
insert into HelpMessage (id, text, datehour, read, senderid, recipientid) values (5, 'mauris morbi non lectus aliquam sit amet diam in magna bibendum imperdiet nullam orci pede venenatis', '2021-04-07 17:53:37', true, 154, 6);
insert into HelpMessage (id, text, datehour, read, senderid, recipientid) values (6, 'porta volutpat erat quisque erat eros viverra eget congue eget', '2021-04-04 06:11:20', true, 121, 3);
insert into HelpMessage (id, text, datehour, read, senderid, recipientid) values (7, 'etiam justo etiam pretium iaculis justo in hac habitasse platea dictumst etiam faucibus cursus urna ut tellus', '2021-04-07 02:18:27', false, 48, 5);
insert into HelpMessage (id, text, datehour, read, senderid, recipientid) values (8, 'magnis dis parturient montes nascetur ridiculus mus vivamus vestibulum sagittis sapien cum sociis natoque penatibus et magnis dis', '2021-04-04 14:56:46', true, 154, 6);
insert into HelpMessage (id, text, datehour, read, senderid, recipientid) values (9, 'condimentum neque sapien placerat ante nulla justo aliquam quis turpis eget elit sodales scelerisque mauris sit', '2021-04-05 19:14:44', false, 39, 1);
insert into HelpMessage (id, text, datehour, read, senderid, recipientid) values (10, 'mi nulla ac enim in tempor turpis nec euismod scelerisque quam turpis adipiscing lorem', '2021-04-06 14:52:43', false, 98, 9);
insert into HelpMessage (id, text, datehour, read, senderid, recipientid) values (11, 'ante vel ipsum praesent blandit lacinia erat vestibulum sed magna at nunc commodo placerat praesent blandit nam nulla integer', '2021-04-07 22:25:42', false, 38, 8);
insert into HelpMessage (id, text, datehour, read, senderid, recipientid) values (12, 'quam suspendisse potenti nullam porttitor lacus at turpis donec posuere metus vitae ipsum aliquam non mauris', '2021-04-05 01:04:22', false, 115, 4);
insert into HelpMessage (id, text, datehour, read, senderid, recipientid) values (13, 'enim leo rhoncus sed vestibulum sit amet cursus id turpis integer aliquet massa', '2021-04-08 21:05:36', false, 1, 155);
insert into HelpMessage (id, text, datehour, read, senderid, recipientid) values (14, 'maecenas tristique est et tempus semper est quam pharetra magna ac consequat metus sapien ut', '2021-04-07 10:15:20', true, 4, 17);
insert into HelpMessage (id, text, datehour, read, senderid, recipientid) values (15, 'ipsum primis in faucibus orci luctus et ultrices posuere cubilia', '2021-04-04 00:00:15', false, 2, 137);
insert into HelpMessage (id, text, datehour, read, senderid, recipientid) values (16, 'vel accumsan tellus nisi eu orci mauris lacinia sapien quis libero', '2021-04-07 19:45:20', false, 6, 154);
insert into HelpMessage (id, text, datehour, read, senderid, recipientid) values (17, 'integer aliquet massa id lobortis convallis tortor risus dapibus augue vel accumsan', '2021-04-04 09:23:51', true, 3, 121);
insert into HelpMessage (id, text, datehour, read, senderid, recipientid) values (18, 'viverra diam vitae quam suspendisse potenti nullam porttitor lacus at turpis donec posuere', '2021-04-04 16:05:27', false, 6, 154);

insert into Rating (auctionID, winnerID, value, dateHour, comment) values (1, 17, 1, '2021-05-15 22:12:09', 'metus arcu adipiscing molestie hendrerit at vulputate vitae nisl aenean lectus pellentesque eget nunc donec quis orci');
insert into Rating (auctionID, winnerID, value, dateHour, comment) values (2, 15, 1, '2021-05-20 16:46:47', 'tincidunt eu felis fusce posuere felis sed lacus morbi sem mauris laoreet ut rhoncus aliquet pulvinar sed nisl');
insert into Rating (auctionID, winnerID, value, dateHour, comment) values (3, 13, 5, '2021-05-23 13:14:20', 'morbi non lectus aliquam sit amet diam in');
insert into Rating (auctionID, winnerID, value, dateHour, comment) values (4, 21, 2, '2021-05-21 01:06:40', 'morbi vestibulum velit id pretium iaculis diam erat fermentum justo nec condimentum neque sapien placerat ante nulla justo aliquam');
insert into Rating (auctionID, winnerID, value, dateHour, comment) values (5, 11, 1, '2021-05-18 00:16:49', 'penatibus et magnis dis parturient montes nascetur ridiculus mus etiam vel augue');
insert into Rating (auctionID, winnerID, value, dateHour, comment) values (6, 18, 3, '2021-05-14 13:00:58', 'proin leo odio porttitor id consequat in consequat ut nulla sed accumsan felis ut at dolor');
insert into Rating (auctionID, winnerID, value, dateHour, comment) values (7, 11, 2, '2021-05-23 19:09:39', 'maecenas tincidunt lacus at velit vivamus vel nulla eget eros elementum pellentesque quisque porta volutpat erat');
insert into Rating (auctionID, winnerID, value, dateHour, comment) values (8, 11, 2, '2021-05-07 21:48:54', 'in lacus curabitur at ipsum ac tellus semper interdum mauris ullamcorper purus sit amet nulla quisque arcu');
insert into Rating (auctionID, winnerID, value, dateHour, comment) values (9, 21, 4, '2021-05-11 11:58:29', 'non velit donec diam neque vestibulum eget vulputate ut ultrices vel augue vestibulum ante ipsum primis in faucibus');
insert into Rating (auctionID, winnerID, value, dateHour, comment) values (10, 16, 2, '2021-05-16 02:19:04', 'et ultrices posuere cubilia curae duis faucibus accumsan odio curabitur convallis duis consequat dui nec nisi');
insert into Rating (auctionID, winnerID, value, dateHour, comment) values (11, 21, 3, '2021-05-21 05:55:26', 'magna vestibulum aliquet ultrices erat tortor sollicitudin mi sit amet lobortis sapien sapien non mi');
insert into Rating (auctionID, winnerID, value, dateHour, comment) values (12, 14, 5, '2021-05-21 01:17:31', 'ut odio cras mi pede malesuada');
insert into Rating (auctionID, winnerID, value, dateHour, comment) values (13, 18, 3, '2021-05-07 20:27:10', 'eu interdum eu tincidunt in leo maecenas pulvinar lobortis est phasellus sit amet erat nulla tempus vivamus in felis eu');
insert into Rating (auctionID, winnerID, value, dateHour, comment) values (14, 19, 3, '2021-05-29 11:24:48', 'ante ipsum primis in faucibus orci');
insert into Rating (auctionID, winnerID, value, dateHour, comment) values (15, 18, 2, '2021-05-09 00:48:27', 'dui luctus rutrum nulla tellus in sagittis dui vel nisl duis');
insert into Rating (auctionID, winnerID, value, dateHour, comment) values (16, 16, 1, '2021-05-19 15:52:01', 'ultrices posuere cubilia curae donec pharetra');
insert into Rating (auctionID, winnerID, value, dateHour, comment) values (17, 19, 4, '2021-05-13 12:44:53', 'sapien dignissim vestibulum vestibulum ante ipsum primis in faucibus orci luctus et ultrices posuere');
insert into Rating (auctionID, winnerID, value, dateHour, comment) values (18, 18, 1, '2021-05-12 15:17:37', 'venenatis turpis enim blandit mi in porttitor pede justo');
insert into Rating (auctionID, winnerID, value, dateHour, comment) values (19, 15, 1, '2021-05-17 15:50:42', 'mi pede malesuada in imperdiet et commodo vulputate justo in blandit ultrices');
insert into Rating (auctionID, winnerID, value, dateHour, comment) values (20, 21, 3, '2021-05-12 16:00:03', 'accumsan felis ut at dolor quis odio consequat varius integer ac leo');

insert into Comment (id, text, datehour, authorid, auctionid) values (1, 'arcu sed augue aliquam erat volutpat in congue etiam justo etiam pretium', '2021-04-04 18:45:39', 114, 8);
insert into Comment (id, text, datehour, authorid, auctionid) values (2, 'integer pede justo lacinia eget tincidunt eget tempus vel pede morbi porttitor lorem id ligula suspendisse ornare consequat lectus', '2021-04-04 15:43:06', 35, 8);
insert into Comment (id, text, datehour, authorid, auctionid) values (3, 'sit amet erat nulla tempus vivamus in felis eu sapien cursus vestibulum proin eu', '2021-04-05 06:03:28', 88, 20);
insert into Comment (id, text, datehour, authorid, auctionid) values (4, 'at ipsum ac tellus semper interdum mauris ullamcorper purus sit amet nulla', '2021-04-08 16:35:36', 71, 19);
insert into Comment (id, text, datehour, authorid, auctionid) values (5, 'phasellus sit amet erat nulla tempus vivamus in felis eu', '2021-04-04 00:47:39', 63, 17);
insert into Comment (id, text, datehour, authorid, auctionid) values (6, 'id consequat in consequat ut nulla sed accumsan felis ut at dolor quis odio consequat varius integer ac leo pellentesque', '2021-04-08 09:21:12', 85, 5);
insert into Comment (id, text, datehour, authorid, auctionid) values (7, 'nibh ligula nec sem duis aliquam convallis nunc proin at turpis a pede posuere', '2021-04-07 11:22:03', 54, 15);
insert into Comment (id, text, datehour, authorid, auctionid) values (8, 'nulla mollis molestie lorem quisque ut erat curabitur gravida nisi at nibh in hac habitasse platea dictumst aliquam', '2021-04-07 06:30:16', 99, 10);
insert into Comment (id, text, datehour, authorid, auctionid) values (9, 'erat eros viverra eget congue eget semper rutrum nulla nunc purus phasellus in felis donec semper sapien a libero nam', '2021-04-06 23:01:09', 104, 4);
insert into Comment (id, text, datehour, authorid, auctionid) values (10, 'sapien a libero nam dui proin leo odio porttitor id consequat', '2021-04-06 21:45:28', 78, 16);
insert into Comment (id, text, datehour, authorid, auctionid) values (11, 'primis in faucibus orci luctus et ultrices posuere cubilia curae nulla dapibus dolor vel est donec odio justo sollicitudin', '2021-04-06 22:03:37', 111, 12);
insert into Comment (id, text, datehour, authorid, auctionid) values (12, 'suspendisse accumsan tortor quis turpis sed ante vivamus tortor duis mattis egestas metus aenean fermentum donec', '2021-04-04 17:15:57', 30, 11);
insert into Comment (id, text, datehour, authorid, auctionid) values (13, 'viverra eget congue eget semper rutrum nulla nunc purus phasellus in', '2021-04-06 01:29:47', 105, 9);
insert into Comment (id, text, datehour, authorid, auctionid) values (14, 'cum sociis natoque penatibus et magnis dis parturient montes nascetur ridiculus', '2021-04-04 08:24:28', 124, 10);
insert into Comment (id, text, datehour, authorid, auctionid) values (15, 'lectus in est risus auctor sed tristique in tempus sit amet sem fusce consequat nulla nisl', '2021-04-06 22:11:57', 57, 5);
insert into Comment (id, text, datehour, authorid, auctionid) values (16, 'elit proin risus praesent lectus vestibulum quam sapien varius ut blandit non interdum', '2021-04-07 18:21:58', 113, 1);
insert into Comment (id, text, datehour, authorid, auctionid) values (17, 'ipsum ac tellus semper interdum mauris ullamcorper purus sit amet nulla quisque arcu libero rutrum ac', '2021-04-06 03:03:14', 123, 10);
insert into Comment (id, text, datehour, authorid, auctionid) values (18, 'est phasellus sit amet erat nulla tempus vivamus in felis eu sapien cursus vestibulum proin', '2021-04-07 21:39:55', 50, 1);
insert into Comment (id, text, datehour, authorid, auctionid) values (19, 'in tempor turpis nec euismod scelerisque quam turpis adipiscing lorem vitae mattis nibh ligula', '2021-04-04 17:53:22', 125, 4);
insert into Comment (id, text, datehour, authorid, auctionid) values (20, 'purus sit amet nulla quisque arcu libero rutrum ac lobortis vel dapibus at', '2021-04-06 09:20:16', 152, 15);
insert into Comment (id, text, datehour, authorid, auctionid) values (21, 'augue vel accumsan tellus nisi eu orci mauris lacinia sapien quis libero nullam sit amet turpis', '2021-04-05 13:15:34', 68, 9);
insert into Comment (id, text, datehour, authorid, auctionid) values (22, 'eu mi nulla ac enim in tempor turpis nec euismod scelerisque quam turpis adipiscing lorem vitae mattis nibh ligula nec', '2021-04-06 13:40:00', 124, 18);
insert into Comment (id, text, datehour, authorid, auctionid) values (23, 'mi pede malesuada in imperdiet et commodo vulputate justo in blandit ultrices enim lorem ipsum dolor sit amet', '2021-04-05 14:16:16', 138, 1);
insert into Comment (id, text, datehour, authorid, auctionid) values (24, 'fusce lacus purus aliquet at feugiat non pretium quis lectus suspendisse potenti in eleifend', '2021-04-07 06:31:14', 23, 20);
insert into Comment (id, text, datehour, authorid, auctionid) values (25, 'ultrices libero non mattis pulvinar nulla pede ullamcorper augue a suscipit nulla elit ac nulla sed vel enim sit', '2021-04-08 13:14:36', 139, 16);
insert into Comment (id, text, datehour, authorid, auctionid) values (26, 'luctus et ultrices posuere cubilia curae nulla dapibus dolor vel est', '2021-04-06 23:20:31', 70, 15);
insert into Comment (id, text, datehour, authorid, auctionid) values (27, 'nulla facilisi cras non velit nec nisi vulputate nonummy maecenas tincidunt lacus at velit vivamus vel nulla eget eros elementum', '2021-04-05 03:22:36', 151, 14);
insert into Comment (id, text, datehour, authorid, auctionid) values (28, 'velit donec diam neque vestibulum eget vulputate ut ultrices vel augue vestibulum', '2021-04-05 23:37:46', 72, 19);
insert into Comment (id, text, datehour, authorid, auctionid) values (29, 'nec nisi volutpat eleifend donec ut dolor morbi vel lectus in quam fringilla', '2021-04-05 15:38:29', 122, 4);
insert into Comment (id, text, datehour, authorid, auctionid) values (30, 'sapien a libero nam dui proin leo odio porttitor id consequat in consequat', '2021-04-05 11:36:04', 27, 2);
insert into Comment (id, text, datehour, authorid, auctionid) values (31, 'mauris laoreet ut rhoncus aliquet pulvinar sed nisl nunc rhoncus dui vel sem', '2021-04-06 01:34:49', 19, 7);
insert into Comment (id, text, datehour, authorid, auctionid) values (32, 'tincidunt in leo maecenas pulvinar lobortis est phasellus sit amet erat nulla', '2021-04-06 03:03:39', 137, 19);
insert into Comment (id, text, datehour, authorid, auctionid) values (33, 'est congue elementum in hac habitasse platea dictumst morbi vestibulum velit id pretium iaculis diam erat', '2021-04-04 08:02:50', 87, 16);
insert into Comment (id, text, datehour, authorid, auctionid) values (34, 'sit amet cursus id turpis integer aliquet massa id lobortis convallis tortor risus dapibus augue vel accumsan tellus nisi eu', '2021-04-05 14:34:40', 37, 5);
insert into Comment (id, text, datehour, authorid, auctionid) values (35, 'nunc donec quis orci eget orci vehicula condimentum curabitur in libero ut massa volutpat convallis morbi odio', '2021-04-08 03:43:28', 139, 12);
insert into Comment (id, text, datehour, authorid, auctionid) values (36, 'pretium quis lectus suspendisse potenti in eleifend quam a odio', '2021-04-05 16:53:10', 21, 17);
insert into Comment (id, text, datehour, authorid, auctionid) values (37, 'vitae mattis nibh ligula nec sem duis aliquam convallis nunc', '2021-04-04 06:18:14', 42, 3);
insert into Comment (id, text, datehour, authorid, auctionid) values (38, 'penatibus et magnis dis parturient montes nascetur ridiculus mus vivamus', '2021-04-04 14:58:52', 42, 15);
insert into Comment (id, text, datehour, authorid, auctionid) values (39, 'integer ac neque duis bibendum morbi non quam nec dui luctus rutrum nulla tellus in sagittis', '2021-04-05 13:34:59', 73, 19);
insert into Comment (id, text, datehour, authorid, auctionid) values (40, 'parturient montes nascetur ridiculus mus vivamus vestibulum sagittis sapien cum sociis natoque', '2021-04-08 18:44:58', 159, 9);

insert into Report (id, reason, dateHour, reporterID, stateType) values (1, 'ipsum integer a nibh in quis justo maecenas rhoncus aliquam lacus morbi', '2020-06-22 21:27:33', 96, 'Banned');
insert into Report (id, reason, dateHour, reporterID, stateType) values (2, 'luctus nec molestie sed justo pellentesque viverra pede ac diam', '2020-02-28 06:16:29', 66, 'Banned');
insert into Report (id, reason, dateHour, reporterID, stateType) values (3, 'neque vestibulum eget vulputate ut ultrices vel augue vestibulum ante ipsum primis', '2021-03-09 04:49:21', 29, 'Waiting');
insert into Report (id, reason, dateHour, reporterID, stateType) values (4, 'turpis sed ante vivamus tortor duis mattis egestas metus aenean fermentum donec ut mauris eget massa tempor convallis nulla', '2020-03-10 17:03:15', 27, 'Banned');
insert into Report (id, reason, dateHour, reporterID, stateType) values (5, 'hac habitasse platea dictumst maecenas ut massa quis augue luctus tincidunt nulla mollis molestie lorem quisque ut erat', '2020-06-13 14:08:03', 55, 'Banned');
insert into Report (id, reason, dateHour, reporterID, stateType) values (6, 'eros viverra eget congue eget semper rutrum nulla nunc purus phasellus in felis donec semper', '2021-03-23 13:52:29', 52, 'Discarded');
insert into Report (id, reason, dateHour, reporterID, stateType) values (7, 'id mauris vulputate elementum nullam varius nulla facilisi cras non velit nec nisi vulputate nonummy maecenas tincidunt', '2020-07-27 18:15:16', 57, 'Banned');
insert into Report (id, reason, dateHour, reporterID, stateType) values (8, 'sit amet consectetuer adipiscing elit proin interdum mauris non ligula pellentesque ultrices phasellus id', '2020-01-13 01:57:43', 54, 'Discarded');
insert into Report (id, reason, dateHour, reporterID, stateType) values (9, 'ac nulla sed vel enim sit amet nunc viverra dapibus nulla suscipit ligula in lacus curabitur at ipsum ac', '2021-03-25 17:29:40', 9, 'Discarded');
insert into Report (id, reason, dateHour, reporterID, stateType) values (10, 'massa quis augue luctus tincidunt nulla mollis molestie lorem quisque ut erat curabitur gravida nisi at nibh', '2020-08-03 11:57:05', 68, 'Banned');

insert into Bid (id, value, dateHour, authorID, BidID) values (1, 804, '2021-06-21 12:45:53', 129, 4);
insert into Bid (id, value, dateHour, authorID, BidID) values (2, 115, '2021-06-22 20:13:56', 115, 2);
insert into Bid (id, value, dateHour, authorID, BidID) values (3, 111, '2021-06-14 13:27:05', 76, 13);
insert into Bid (id, value, dateHour, authorID, BidID) values (4, 531, '2021-05-31 02:03:00', 58, 12);
insert into Bid (id, value, dateHour, authorID, BidID) values (5, 722, '2021-06-22 23:16:11', 70, 1);
insert into Bid (id, value, dateHour, authorID, BidID) values (6, 582, '2021-06-26 05:19:11', 119, 18);
insert into Bid (id, value, dateHour, authorID, BidID) values (7, 315, '2021-05-31 04:33:58', 75, 3);
insert into Bid (id, value, dateHour, authorID, BidID) values (8, 664, '2021-06-22 00:00:00', 99, 2);
insert into Bid (id, value, dateHour, authorID, BidID) values (9, 496, '2021-06-11 02:25:51', 107, 3);
insert into Bid (id, value, dateHour, authorID, BidID) values (10, 319, '2021-06-23 05:43:50', 39, 4);
insert into Bid (id, value, dateHour, authorID, BidID) values (11, 709, '2021-05-25 06:40:08', 77, 4);
insert into Bid (id, value, dateHour, authorID, BidID) values (12, 357, '2021-06-08 18:14:18', 16, 5);
insert into Bid (id, value, dateHour, authorID, BidID) values (13, 675, '2021-06-23 19:32:07', 59, 7);
insert into Bid (id, value, dateHour, authorID, BidID) values (14, 61, '2021-06-10 05:28:46', 14, 11);
insert into Bid (id, value, dateHour, authorID, BidID) values (15, 294, '2021-05-26 06:08:42', 39, 15);
insert into Bid (id, value, dateHour, authorID, BidID) values (16, 118, '2021-06-23 16:45:09', 122, 10);
insert into Bid (id, value, dateHour, authorID, BidID) values (17, 725, '2021-06-05 11:00:38', 114, 16);
insert into Bid (id, value, dateHour, authorID, BidID) values (18, 858, '2021-06-05 05:28:21', 129, 20);
insert into Bid (id, value, dateHour, authorID, BidID) values (19, 487, '2021-05-25 09:45:45', 102, 20);
insert into Bid (id, value, dateHour, authorID, BidID) values (20, 78, '2021-06-09 21:54:37', 147, 17);
insert into Bid (id, value, dateHour, authorID, BidID) values (21, 729, '2021-06-11 02:25:10', 30, 5);
insert into Bid (id, value, dateHour, authorID, BidID) values (22, 707, '2021-06-23 02:08:22', 52, 4);
insert into Bid (id, value, dateHour, authorID, BidID) values (23, 52, '2021-06-21 15:04:28', 127, 12);
insert into Bid (id, value, dateHour, authorID, BidID) values (24, 456, '2021-06-16 16:59:35', 108, 11);
insert into Bid (id, value, dateHour, authorID, BidID) values (25, 813, '2021-06-07 21:40:39', 24, 16);
insert into Bid (id, value, dateHour, authorID, BidID) values (26, 616, '2021-06-27 20:10:07', 65, 9);
insert into Bid (id, value, dateHour, authorID, BidID) values (27, 352, '2021-06-08 09:11:47', 58, 19);
insert into Bid (id, value, dateHour, authorID, BidID) values (28, 386, '2021-06-21 23:48:10', 59, 16);
insert into Bid (id, value, dateHour, authorID, BidID) values (29, 122, '2021-06-07 22:10:03', 89, 20);
insert into Bid (id, value, dateHour, authorID, BidID) values (30, 966, '2021-06-17 14:24:21', 144, 11);
insert into Bid (id, value, dateHour, authorID, BidID) values (31, 68, '2021-06-26 12:01:58', 102, 4);
insert into Bid (id, value, dateHour, authorID, BidID) values (32, 888, '2021-06-02 16:45:09', 66, 16);
insert into Bid (id, value, dateHour, authorID, BidID) values (33, 940, '2021-06-04 06:47:41', 87, 3);
insert into Bid (id, value, dateHour, authorID, BidID) values (34, 773, '2021-06-24 22:46:27', 146, 1);
insert into Bid (id, value, dateHour, authorID, BidID) values (35, 266, '2021-06-09 05:40:15', 82, 14);
insert into Bid (id, value, dateHour, authorID, BidID) values (36, 953, '2021-06-03 20:11:09', 23, 11);
insert into Bid (id, value, dateHour, authorID, BidID) values (37, 317, '2021-06-08 00:16:18', 149, 10);
insert into Bid (id, value, dateHour, authorID, BidID) values (38, 973, '2021-06-07 02:12:21', 58, 14);
insert into Bid (id, value, dateHour, authorID, BidID) values (39, 618, '2021-06-24 18:30:57', 84, 19);
insert into Bid (id, value, dateHour, authorID, BidID) values (40, 522, '2021-06-18 02:39:48', 114, 14);
insert into Bid (id, value, dateHour, authorID, BidID) values (41, 548, '2021-06-21 23:34:17', 82, 2);
insert into Bid (id, value, dateHour, authorID, BidID) values (42, 174, '2021-06-09 15:57:25', 97, 19);
insert into Bid (id, value, dateHour, authorID, BidID) values (43, 257, '2021-05-27 02:44:50', 63, 14);
insert into Bid (id, value, dateHour, authorID, BidID) values (44, 991, '2021-06-02 04:43:03', 118, 10);
insert into Bid (id, value, dateHour, authorID, BidID) values (45, 395, '2021-06-08 06:16:47', 139, 15);
insert into Bid (id, value, dateHour, authorID, BidID) values (46, 676, '2021-06-01 01:06:36', 111, 7);
insert into Bid (id, value, dateHour, authorID, BidID) values (47, 311, '2021-05-24 11:36:36', 117, 17);
insert into Bid (id, value, dateHour, authorID, BidID) values (48, 541, '2021-06-27 18:52:45', 53, 12);
insert into Bid (id, value, dateHour, authorID, BidID) values (49, 771, '2021-05-26 09:56:28', 120, 9);
insert into Bid (id, value, dateHour, authorID, BidID) values (50, 176, '2021-06-21 19:52:01', 67, 10);